numbers,tripduration,starttime,stoptime,start station name,start station latitude,start station longitude,end station name,end station latitude,end station longitude,usertype,birth year,gender
0,201,2019-01-01 03:09:09.7110,2019-01-01 03:12:30.8790,Exchange Place,40.7162469,-74.0334588,Essex Light Rail,40.712774200000005,-74.03648570000001,Subscriber,1993,1
1,505,2019-01-01 05:18:00.1060,2019-01-01 05:26:25.9050,Exchange Place,40.7162469,-74.0334588,Washington St,40.7242941,-74.0354826,Subscriber,1972,2
2,756,2019-01-01 10:36:33.3400,2019-01-01 10:49:10.2600,Exchange Place,40.7162469,-74.0334588,Liberty Light Rail,40.711242299999995,-74.0557013,Subscriber,1985,1
3,1575,2019-01-01 12:43:38.6430,2019-01-01 13:09:54.5280,Exchange Place,40.7162469,-74.0334588,Washington St,40.7242941,-74.0354826,Customer,1969,0
4,1566,2019-01-01 12:43:39.6010,2019-01-01 13:09:46.5100,Exchange Place,40.7162469,-74.0334588,Washington St,40.7242941,-74.0354826,Customer,1969,0
5,737,2019-01-01 12:56:53.2040,2019-01-01 13:09:11.0400,Exchange Place,40.7162469,-74.0334588,JC Medical Center,40.71653978099194,-74.0496379137039,Subscriber,1993,1
6,917,2019-01-01 13:03:44.7760,2019-01-01 13:19:02.7690,Exchange Place,40.7162469,-74.0334588,Communipaw & Berry Lane,40.71435836870427,-74.06661093235016,Subscriber,1986,1
7,3248,2019-01-01 13:12:03.1280,2019-01-01 14:06:12.0400,Exchange Place,40.7162469,-74.0334588,Riverview Park,40.7443187,-74.04399090000001,Subscriber,1992,1
8,3168,2019-01-01 13:13:12.0450,2019-01-01 14:06:00.4110,Exchange Place,40.7162469,-74.0334588,Riverview Park,40.7443187,-74.04399090000001,Customer,1969,0
9,353,2019-01-01 17:07:44.6670,2019-01-01 17:13:38.2640,Exchange Place,40.7162469,-74.0334588,Newport PATH,40.7272235,-74.03375890000001,Subscriber,1994,1
10,503,2019-01-01 17:34:50.9580,2019-01-01 17:43:14.3190,Exchange Place,40.7162469,-74.0334588,Newport PATH,40.7272235,-74.03375890000001,Customer,1992,1
11,285,2019-01-01 18:06:03.1680,2019-01-01 18:10:48.5380,Exchange Place,40.7162469,-74.0334588,Morris Canal,40.7124188237569,-74.03852552175522,Subscriber,1990,1
12,229,2019-01-01 20:05:04.5760,2019-01-01 20:08:53.8630,Exchange Place,40.7162469,-74.0334588,Washington St,40.7242941,-74.0354826,Subscriber,1996,1
13,211,2019-01-01 21:04:58.8810,2019-01-01 21:08:30.5600,Exchange Place,40.7162469,-74.0334588,Essex Light Rail,40.712774200000005,-74.03648570000001,Subscriber,1993,1
14,111,2019-01-01 21:52:09.2980,2019-01-01 21:54:00.4550,Exchange Place,40.7162469,-74.0334588,Exchange Place,40.7162469,-74.0334588,Subscriber,1987,1
15,663,2019-01-01 21:54:27.9360,2019-01-01 22:05:31.8800,Exchange Place,40.7162469,-74.0334588,Exchange Place,40.7162469,-74.0334588,Subscriber,1987,1
16,451,2019-01-02 00:08:06.5510,2019-01-02 00:15:38.0940,Exchange Place,40.7162469,-74.0334588,Grand St,40.71517767732029,-74.03768330812454,Subscriber,1960,1
17,742,2019-01-02 07:17:22.2050,2019-01-02 07:29:45.1610,Exchange Place,40.7162469,-74.0334588,Jersey & 6th St,40.72528910781132,-74.04557168483734,Subscriber,1977,1
18,121,2019-01-02 07:55:53.5040,2019-01-02 07:57:54.9410,Exchange Place,40.7162469,-74.0334588,Paulus Hook,40.7141454,-74.0335519,Subscriber,1966,1
19,284,2019-01-02 08:09:38.7570,2019-01-02 08:14:23.6940,Exchange Place,40.7162469,-74.0334588,City Hall,40.717732500000004,-74.04384499999999,Subscriber,1986,1
20,120,2019-01-02 08:18:36.9570,2019-01-02 08:20:37.9440,Exchange Place,40.7162469,-74.0334588,Grand St,40.71517767732029,-74.03768330812454,Subscriber,1975,2
21,75,2019-01-02 08:25:25.9610,2019-01-02 08:26:41.4140,Exchange Place,40.7162469,-74.0334588,Paulus Hook,40.7141454,-74.0335519,Subscriber,1975,1
22,113,2019-01-02 08:47:54.6750,2019-01-02 08:49:47.9970,Exchange Place,40.7162469,-74.0334588,Harborside,40.71925170000001,-74.034234,Subscriber,1969,1
23,187,2019-01-02 10:39:26.6940,2019-01-02 10:42:34.6680,Exchange Place,40.7162469,-74.0334588,Grove St PATH,40.71958611647166,-74.0431174635887,Subscriber,1982,1
24,259,2019-01-02 10:57:36.4500,2019-01-02 11:01:55.7620,Exchange Place,40.7162469,-74.0334588,Morris Canal,40.7124188237569,-74.03852552175522,Subscriber,1984,1
25,969,2019-01-02 11:45:40.3390,2019-01-02 12:01:49.4380,Exchange Place,40.7162469,-74.0334588,Oakland Ave,40.7376037,-74.05247829999999,Subscriber,1981,1
26,355,2019-01-02 12:12:43.7790,2019-01-02 12:18:39.1990,Exchange Place,40.7162469,-74.0334588,Jersey & 3rd,40.723331586464354,-74.04595255851744,Subscriber,1988,1
27,288,2019-01-02 12:22:12.8260,2019-01-02 12:27:01.5450,Exchange Place,40.7162469,-74.0334588,Grove St PATH,40.71958611647166,-74.0431174635887,Subscriber,1981,2
28,2602,2019-01-02 12:27:14.6360,2019-01-02 13:10:37.2240,Exchange Place,40.7162469,-74.0334588,Exchange Place,40.7162469,-74.0334588,Customer,1969,0
29,1360,2019-01-02 12:32:56.9960,2019-01-02 12:55:37.7920,Exchange Place,40.7162469,-74.0334588,Exchange Place,40.7162469,-74.0334588,Customer,1971,1
30,373,2019-01-02 12:39:41.5430,2019-01-02 12:45:54.7970,Exchange Place,40.7162469,-74.0334588,Newport PATH,40.7272235,-74.03375890000001,Subscriber,1981,1
31,377,2019-01-02 12:39:43.2310,2019-01-02 12:46:00.3800,Exchange Place,40.7162469,-74.0334588,Newport PATH,40.7272235,-74.03375890000001,Subscriber,1971,1
32,240,2019-01-02 13:49:29.2500,2019-01-02 13:53:29.9910,Exchange Place,40.7162469,-74.0334588,City Hall,40.717732500000004,-74.04384499999999,Subscriber,1982,2
33,476,2019-01-02 15:24:31.3880,2019-01-02 15:32:27.5130,Exchange Place,40.7162469,-74.0334588,Warren St,40.721123600000006,-74.03805095,Subscriber,1987,2
34,332,2019-01-02 15:53:25.0180,2019-01-02 15:58:57.2650,Exchange Place,40.7162469,-74.0334588,Grove St PATH,40.71958611647166,-74.0431174635887,Subscriber,1958,1
35,208,2019-01-02 16:44:06.1120,2019-01-02 16:47:34.3600,Exchange Place,40.7162469,-74.0334588,Morris Canal,40.7124188237569,-74.03852552175522,Subscriber,1994,2
36,274,2019-01-02 16:48:19.0440,2019-01-02 16:52:53.5910,Exchange Place,40.7162469,-74.0334588,Morris Canal,40.7124188237569,-74.03852552175522,Subscriber,1968,1
37,1187,2019-01-02 16:59:39.3560,2019-01-02 17:19:26.6240,Exchange Place,40.7162469,-74.0334588,Exchange Place,40.7162469,-74.0334588,Customer,1969,0
38,1113,2019-01-02 17:00:47.9260,2019-01-02 17:19:21.1880,Exchange Place,40.7162469,-74.0334588,Exchange Place,40.7162469,-74.0334588,Customer,1969,0
39,102,2019-01-02 17:00:57.6110,2019-01-02 17:02:39.9950,Exchange Place,40.7162469,-74.0334588,Paulus Hook,40.7141454,-74.0335519,Subscriber,1960,1
40,956,2019-01-02 17:03:31.6230,2019-01-02 17:19:28.2540,Exchange Place,40.7162469,-74.0334588,Exchange Place,40.7162469,-74.0334588,Customer,1969,0
41,283,2019-01-02 17:09:55.6270,2019-01-02 17:14:39.0180,Exchange Place,40.7162469,-74.0334588,Morris Canal,40.7124188237569,-74.03852552175522,Subscriber,1976,2
42,342,2019-01-02 17:18:17.9480,2019-01-02 17:24:00.8590,Exchange Place,40.7162469,-74.0334588,Manila & 1st,40.72165072487999,-74.04288411140442,Subscriber,1980,1
43,590,2019-01-02 17:19:03.7320,2019-01-02 17:28:53.9530,Exchange Place,40.7162469,-74.0334588,Liberty Light Rail,40.711242299999995,-74.0557013,Subscriber,1980,1
44,411,2019-01-02 17:24:18.8200,2019-01-02 17:31:10.8190,Exchange Place,40.7162469,-74.0334588,Grove St PATH,40.71958611647166,-74.0431174635887,Subscriber,1969,0
45,1059,2019-01-02 17:25:55.6190,2019-01-02 17:43:34.7470,Exchange Place,40.7162469,-74.0334588,Washington St,40.7242941,-74.0354826,Customer,1969,0
46,1053,2019-01-02 17:26:09.3160,2019-01-02 17:43:42.5920,Exchange Place,40.7162469,-74.0334588,Washington St,40.7242941,-74.0354826,Customer,1969,0
47,313,2019-01-02 17:46:30.7500,2019-01-02 17:51:44.2380,Exchange Place,40.7162469,-74.0334588,Warren St,40.721123600000006,-74.03805095,Subscriber,1965,2
48,295,2019-01-02 17:52:57.4720,2019-01-02 17:57:52.9640,Exchange Place,40.7162469,-74.0334588,Morris Canal,40.7124188237569,-74.03852552175522,Subscriber,1985,1
49,737,2019-01-02 18:02:34.9920,2019-01-02 18:14:52.6930,Exchange Place,40.7162469,-74.0334588,Liberty Light Rail,40.711242299999995,-74.0557013,Subscriber,1990,1
50,421,2019-01-02 18:03:07.1800,2019-01-02 18:10:08.3910,Exchange Place,40.7162469,-74.0334588,Warren St,40.721123600000006,-74.03805095,Subscriber,1996,2
51,247,2019-01-02 18:03:44.8770,2019-01-02 18:07:52.6530,Exchange Place,40.7162469,-74.0334588,York St,40.71649,-74.04105,Subscriber,1968,2
52,655,2019-01-02 18:17:40.9550,2019-01-02 18:28:36.9140,Exchange Place,40.7162469,-74.0334588,Warren St,40.721123600000006,-74.03805095,Subscriber,1979,1
53,146,2019-01-02 18:20:14.6980,2019-01-02 18:22:41.4630,Exchange Place,40.7162469,-74.0334588,Grand St,40.71517767732029,-74.03768330812454,Subscriber,1972,1
54,99,2019-01-02 18:24:15.2630,2019-01-02 18:25:55.2030,Exchange Place,40.7162469,-74.0334588,Paulus Hook,40.7141454,-74.0335519,Subscriber,1969,0
55,839,2019-01-02 18:25:40.4190,2019-01-02 18:39:39.8400,Exchange Place,40.7162469,-74.0334588,Newport Pkwy,40.728744799999994,-74.03210820000001,Subscriber,1986,1
56,264,2019-01-02 18:28:59.4290,2019-01-02 18:33:24.1160,Exchange Place,40.7162469,-74.0334588,Grand St,40.71517767732029,-74.03768330812454,Subscriber,1982,1
57,258,2019-01-02 19:25:17.0350,2019-01-02 19:29:35.7030,Exchange Place,40.7162469,-74.0334588,Washington St,40.7242941,-74.0354826,Subscriber,1977,1
58,438,2019-01-02 19:36:08.9950,2019-01-02 19:43:27.7210,Exchange Place,40.7162469,-74.0334588,Marin Light Rail,40.71458403535893,-74.04281705617905,Subscriber,1991,2
59,339,2019-01-02 19:38:21.6010,2019-01-02 19:44:01.4070,Exchange Place,40.7162469,-74.0334588,City Hall,40.717732500000004,-74.04384499999999,Subscriber,1983,1
60,181,2019-01-02 19:57:38.8370,2019-01-02 20:00:40.0730,Exchange Place,40.7162469,-74.0334588,Warren St,40.721123600000006,-74.03805095,Subscriber,1987,1
61,91,2019-01-02 19:59:45.0920,2019-01-02 20:01:16.4460,Exchange Place,40.7162469,-74.0334588,Harborside,40.71925170000001,-74.034234,Subscriber,1989,1
62,135,2019-01-02 20:19:23.0540,2019-01-02 20:21:38.9810,Exchange Place,40.7162469,-74.0334588,Essex Light Rail,40.712774200000005,-74.03648570000001,Subscriber,1987,1
63,1039,2019-01-02 20:43:27.2010,2019-01-02 21:00:46.9580,Exchange Place,40.7162469,-74.0334588,Marin Light Rail,40.71458403535893,-74.04281705617905,Subscriber,1962,1
64,271,2019-01-02 20:48:27.9320,2019-01-02 20:52:59.4180,Exchange Place,40.7162469,-74.0334588,Morris Canal,40.7124188237569,-74.03852552175522,Subscriber,1981,2
65,698,2019-01-02 21:19:36.0050,2019-01-02 21:31:14.1610,Exchange Place,40.7162469,-74.0334588,Liberty Light Rail,40.711242299999995,-74.0557013,Subscriber,1992,2
66,174,2019-01-02 23:07:46.5970,2019-01-02 23:10:41.1670,Exchange Place,40.7162469,-74.0334588,Essex Light Rail,40.712774200000005,-74.03648570000001,Subscriber,1954,2
67,1247,2019-01-03 06:42:45.1880,2019-01-03 07:03:32.9750,Exchange Place,40.7162469,-74.0334588,Exchange Place,40.7162469,-74.0334588,Subscriber,1974,1
68,72,2019-01-03 08:27:29.5060,2019-01-03 08:28:41.7210,Exchange Place,40.7162469,-74.0334588,Paulus Hook,40.7141454,-74.0335519,Subscriber,1975,1
69,103,2019-01-03 09:02:01.1440,2019-01-03 09:03:44.2730,Exchange Place,40.7162469,-74.0334588,Paulus Hook,40.7141454,-74.0335519,Subscriber,1981,1
70,99,2019-01-03 09:03:14.0790,2019-01-03 09:04:53.3530,Exchange Place,40.7162469,-74.0334588,Harborside,40.71925170000001,-74.034234,Subscriber,1963,1
71,419,2019-01-03 14:11:28.2220,2019-01-03 14:18:28.0080,Exchange Place,40.7162469,-74.0334588,Hamilton Park,40.727595965999996,-74.044247311,Subscriber,1966,1
72,263,2019-01-03 14:14:28.0860,2019-01-03 14:18:51.2100,Exchange Place,40.7162469,-74.0334588,Morris Canal,40.7124188237569,-74.03852552175522,Subscriber,1987,1
73,270,2019-01-03 14:21:44.3090,2019-01-03 14:26:14.8870,Exchange Place,40.7162469,-74.0334588,Morris Canal,40.7124188237569,-74.03852552175522,Subscriber,1970,1
74,295,2019-01-03 15:51:17.4610,2019-01-03 15:56:13.2740,Exchange Place,40.7162469,-74.0334588,Grove St PATH,40.71958611647166,-74.0431174635887,Subscriber,1958,1
75,236,2019-01-03 15:58:15.7970,2019-01-03 16:02:12.5150,Exchange Place,40.7162469,-74.0334588,Essex Light Rail,40.712774200000005,-74.03648570000001,Subscriber,1990,1
76,528,2019-01-03 16:28:13.9830,2019-01-03 16:37:02.5760,Exchange Place,40.7162469,-74.0334588,Hamilton Park,40.727595965999996,-74.044247311,Subscriber,1982,1
77,226,2019-01-03 16:57:06.0950,2019-01-03 17:00:52.4290,Exchange Place,40.7162469,-74.0334588,Morris Canal,40.7124188237569,-74.03852552175522,Subscriber,1989,2
78,591,2019-01-03 17:01:04.2130,2019-01-03 17:10:55.7930,Exchange Place,40.7162469,-74.0334588,Jersey & 6th St,40.72528910781132,-74.04557168483734,Subscriber,1987,2
79,263,2019-01-03 17:06:39.0240,2019-01-03 17:11:02.3630,Exchange Place,40.7162469,-74.0334588,City Hall,40.717732500000004,-74.04384499999999,Subscriber,1981,1
80,718,2019-01-03 17:13:00.6040,2019-01-03 17:24:58.8580,Exchange Place,40.7162469,-74.0334588,Liberty Light Rail,40.711242299999995,-74.0557013,Subscriber,1985,1
81,622,2019-01-03 17:16:34.9410,2019-01-03 17:26:57.8320,Exchange Place,40.7162469,-74.0334588,Newport Pkwy,40.728744799999994,-74.03210820000001,Subscriber,1996,2
82,270,2019-01-03 17:35:15.3650,2019-01-03 17:39:45.4030,Exchange Place,40.7162469,-74.0334588,Van Vorst Park,40.71848892,-74.047726625,Subscriber,1962,1
83,471,2019-01-03 17:35:36.2210,2019-01-03 17:43:28.0780,Exchange Place,40.7162469,-74.0334588,Newport Pkwy,40.728744799999994,-74.03210820000001,Subscriber,1990,1
84,303,2019-01-03 17:36:36.2240,2019-01-03 17:41:39.9250,Exchange Place,40.7162469,-74.0334588,Manila & 1st,40.72165072487999,-74.04288411140442,Subscriber,1980,1
85,238,2019-01-03 17:48:32.2850,2019-01-03 17:52:30.9330,Exchange Place,40.7162469,-74.0334588,Marin Light Rail,40.71458403535893,-74.04281705617905,Subscriber,1982,1
86,320,2019-01-03 17:51:59.7170,2019-01-03 17:57:20.4640,Exchange Place,40.7162469,-74.0334588,Warren St,40.721123600000006,-74.03805095,Subscriber,1979,1
87,133,2019-01-03 17:57:47.8640,2019-01-03 18:00:01.8530,Exchange Place,40.7162469,-74.0334588,Harborside,40.71925170000001,-74.034234,Subscriber,1969,0
88,745,2019-01-03 18:16:09.8390,2019-01-03 18:28:35.5100,Exchange Place,40.7162469,-74.0334588,Liberty Light Rail,40.711242299999995,-74.0557013,Subscriber,1990,1
89,290,2019-01-03 18:16:46.2690,2019-01-03 18:21:36.5530,Exchange Place,40.7162469,-74.0334588,Marin Light Rail,40.71458403535893,-74.04281705617905,Subscriber,1978,1
90,193,2019-01-03 18:18:18.0310,2019-01-03 18:21:31.2350,Exchange Place,40.7162469,-74.0334588,Morris Canal,40.7124188237569,-74.03852552175522,Subscriber,1994,2
91,177,2019-01-03 18:21:29.6000,2019-01-03 18:24:27.4740,Exchange Place,40.7162469,-74.0334588,Grand St,40.71517767732029,-74.03768330812454,Subscriber,1988,2
92,489,2019-01-03 18:24:17.5680,2019-01-03 18:32:26.6150,Exchange Place,40.7162469,-74.0334588,Washington St,40.7242941,-74.0354826,Customer,1988,1
93,302,2019-01-03 18:28:34.4340,2019-01-03 18:33:36.5980,Exchange Place,40.7162469,-74.0334588,Morris Canal,40.7124188237569,-74.03852552175522,Subscriber,1985,1
94,667,2019-01-03 18:31:22.7410,2019-01-03 18:42:29.8600,Exchange Place,40.7162469,-74.0334588,Brunswick & 6th,40.726011729646245,-74.0503889322281,Subscriber,1958,1
95,1132,2019-01-03 18:36:32.4940,2019-01-03 18:55:24.9200,Exchange Place,40.7162469,-74.0334588,Baldwin at Montgomery,40.7236589,-74.0641943,Subscriber,1980,1
96,227,2019-01-03 18:43:28.6470,2019-01-03 18:47:16.3870,Exchange Place,40.7162469,-74.0334588,Marin Light Rail,40.71458403535893,-74.04281705617905,Subscriber,1986,1
97,477,2019-01-03 18:45:27.8270,2019-01-03 18:53:25.4790,Exchange Place,40.7162469,-74.0334588,Essex Light Rail,40.712774200000005,-74.03648570000001,Subscriber,1994,1
98,205,2019-01-03 18:47:41.3820,2019-01-03 18:51:06.4770,Exchange Place,40.7162469,-74.0334588,Morris Canal,40.7124188237569,-74.03852552175522,Subscriber,1972,1
99,238,2019-01-03 18:49:20.8460,2019-01-03 18:53:18.8780,Exchange Place,40.7162469,-74.0334588,Morris Canal,40.7124188237569,-74.03852552175522,Subscriber,1955,1
100,396,2019-01-03 18:52:00.8050,2019-01-03 18:58:37.0370,Exchange Place,40.7162469,-74.0334588,Essex Light Rail,40.712774200000005,-74.03648570000001,Subscriber,1993,1
101,218,2019-01-03 19:01:12.1830,2019-01-03 19:04:50.2880,Exchange Place,40.7162469,-74.0334588,Warren St,40.721123600000006,-74.03805095,Subscriber,1972,1
102,265,2019-01-03 19:03:40.8280,2019-01-03 19:08:06.1330,Exchange Place,40.7162469,-74.0334588,Washington St,40.7242941,-74.0354826,Subscriber,1977,1
103,199,2019-01-03 19:05:41.7930,2019-01-03 19:09:01.7060,Exchange Place,40.7162469,-74.0334588,Essex Light Rail,40.712774200000005,-74.03648570000001,Subscriber,1987,1
104,274,2019-01-03 19:19:52.4500,2019-01-03 19:24:27.0970,Exchange Place,40.7162469,-74.0334588,Morris Canal,40.7124188237569,-74.03852552175522,Subscriber,1977,1
105,270,2019-01-03 20:09:59.0650,2019-01-03 20:14:29.9980,Exchange Place,40.7162469,-74.0334588,Morris Canal,40.7124188237569,-74.03852552175522,Subscriber,1990,1
106,175,2019-01-03 20:10:02.9520,2019-01-03 20:12:58.6590,Exchange Place,40.7162469,-74.0334588,Grand St,40.71517767732029,-74.03768330812454,Subscriber,1971,1
107,463,2019-01-03 20:36:50.4530,2019-01-03 20:44:33.6260,Exchange Place,40.7162469,-74.0334588,Jersey & 3rd,40.723331586464354,-74.04595255851744,Subscriber,1985,1
108,452,2019-01-03 20:46:29.3810,2019-01-03 20:54:01.6100,Exchange Place,40.7162469,-74.0334588,Warren St,40.721123600000006,-74.03805095,Subscriber,1958,1
109,237,2019-01-03 20:47:01.2070,2019-01-03 20:50:58.5680,Exchange Place,40.7162469,-74.0334588,Grand St,40.71517767732029,-74.03768330812454,Subscriber,1986,1
110,124,2019-01-03 22:34:44.1380,2019-01-03 22:36:48.3800,Exchange Place,40.7162469,-74.0334588,Columbus Drive,40.71835519823214,-74.03891444206238,Subscriber,1994,1
111,252,2019-01-03 23:04:45.3890,2019-01-03 23:08:57.6420,Exchange Place,40.7162469,-74.0334588,Morris Canal,40.7124188237569,-74.03852552175522,Subscriber,1993,1
112,247,2019-01-04 09:05:32.7590,2019-01-04 09:09:40.6790,Exchange Place,40.7162469,-74.0334588,Essex Light Rail,40.712774200000005,-74.03648570000001,Subscriber,1990,1
113,13030,2019-01-04 12:51:42.5750,2019-01-04 16:28:52.6280,Exchange Place,40.7162469,-74.0334588,Exchange Place,40.7162469,-74.0334588,Subscriber,1969,0
114,588,2019-01-04 12:51:55.7540,2019-01-04 13:01:44.5670,Exchange Place,40.7162469,-74.0334588,Exchange Place,40.7162469,-74.0334588,Subscriber,1969,0
115,273,2019-01-04 13:13:21.4700,2019-01-04 13:17:55.3910,Exchange Place,40.7162469,-74.0334588,Morris Canal,40.7124188237569,-74.03852552175522,Subscriber,1969,1
116,379,2019-01-04 14:13:07.6380,2019-01-04 14:19:27.4440,Exchange Place,40.7162469,-74.0334588,Van Vorst Park,40.71848892,-74.047726625,Subscriber,1967,2
117,288,2019-01-04 16:35:09.9650,2019-01-04 16:39:58.7260,Exchange Place,40.7162469,-74.0334588,Newport PATH,40.7272235,-74.03375890000001,Subscriber,1941,2
118,334,2019-01-04 17:01:09.6660,2019-01-04 17:06:44.5960,Exchange Place,40.7162469,-74.0334588,Warren St,40.721123600000006,-74.03805095,Subscriber,1965,2
119,618,2019-01-04 17:14:42.4260,2019-01-04 17:25:00.4270,Exchange Place,40.7162469,-74.0334588,Grove St PATH,40.71958611647166,-74.0431174635887,Subscriber,1983,1
120,358,2019-01-04 17:17:50.7080,2019-01-04 17:23:49.1350,Exchange Place,40.7162469,-74.0334588,Manila & 1st,40.72165072487999,-74.04288411140442,Subscriber,1980,1
121,373,2019-01-04 17:21:15.4580,2019-01-04 17:27:28.8490,Exchange Place,40.7162469,-74.0334588,Morris Canal,40.7124188237569,-74.03852552175522,Subscriber,1976,2
122,169,2019-01-04 17:21:26.6920,2019-01-04 17:24:16.2750,Exchange Place,40.7162469,-74.0334588,Essex Light Rail,40.712774200000005,-74.03648570000001,Subscriber,1960,1
123,462,2019-01-04 17:37:10.8640,2019-01-04 17:44:53.3140,Exchange Place,40.7162469,-74.0334588,Newport Pkwy,40.728744799999994,-74.03210820000001,Subscriber,1990,1
124,240,2019-01-04 17:48:12.4910,2019-01-04 17:52:13.0220,Exchange Place,40.7162469,-74.0334588,Morris Canal,40.7124188237569,-74.03852552175522,Subscriber,1955,1
125,429,2019-01-04 17:59:36.2890,2019-01-04 18:06:45.3620,Exchange Place,40.7162469,-74.0334588,Newport PATH,40.7272235,-74.03375890000001,Subscriber,1992,1
126,118,2019-01-04 18:15:43.2350,2019-01-04 18:17:42.2240,Exchange Place,40.7162469,-74.0334588,Harborside,40.71925170000001,-74.034234,Subscriber,1969,0
127,545,2019-01-04 18:34:59.9050,2019-01-04 18:44:05.0040,Exchange Place,40.7162469,-74.0334588,Monmouth and 6th,40.72568548362901,-74.0487903356552,Subscriber,1985,1
128,392,2019-01-04 18:27:47.3710,2019-01-04 18:34:20.0710,Exchange Place,40.7162469,-74.0334588,Morris Canal,40.7124188237569,-74.03852552175522,Subscriber,1985,1
129,279,2019-01-04 18:43:53.0130,2019-01-04 18:48:32.1690,Exchange Place,40.7162469,-74.0334588,Grand St,40.71517767732029,-74.03768330812454,Subscriber,1982,1
130,292,2019-01-04 18:48:59.4420,2019-01-04 18:53:52.3320,Exchange Place,40.7162469,-74.0334588,Warren St,40.721123600000006,-74.03805095,Subscriber,1979,1
131,819,2019-01-04 18:57:46.1970,2019-01-04 19:11:25.3050,Exchange Place,40.7162469,-74.0334588,Liberty Light Rail,40.711242299999995,-74.0557013,Subscriber,1980,1
132,220,2019-01-04 19:19:41.2600,2019-01-04 19:23:21.3610,Exchange Place,40.7162469,-74.0334588,Warren St,40.721123600000006,-74.03805095,Subscriber,1972,1
133,317,2019-01-04 19:29:57.7540,2019-01-04 19:35:15.4470,Exchange Place,40.7162469,-74.0334588,York St,40.71649,-74.04105,Subscriber,1968,2
134,213,2019-01-04 19:57:22.0460,2019-01-04 20:00:55.7390,Exchange Place,40.7162469,-74.0334588,Grand St,40.71517767732029,-74.03768330812454,Subscriber,1983,1
135,205,2019-01-04 20:13:17.7640,2019-01-04 20:16:43.1140,Exchange Place,40.7162469,-74.0334588,Morris Canal,40.7124188237569,-74.03852552175522,Subscriber,1972,1
136,232,2019-01-04 21:59:19.1630,2019-01-04 22:03:12.0110,Exchange Place,40.7162469,-74.0334588,Warren St,40.721123600000006,-74.03805095,Subscriber,1978,1
137,510,2019-01-04 23:09:06.3670,2019-01-04 23:17:36.4550,Exchange Place,40.7162469,-74.0334588,Newport PATH,40.7272235,-74.03375890000001,Subscriber,1996,2
138,286,2019-01-05 17:56:40.1220,2019-01-05 18:01:26.6760,Exchange Place,40.7162469,-74.0334588,Morris Canal,40.7124188237569,-74.03852552175522,Subscriber,1981,0
139,1430,2019-01-05 21:14:16.7680,2019-01-05 21:38:07.6060,Exchange Place,40.7162469,-74.0334588,Newport PATH,40.7272235,-74.03375890000001,Customer,1992,1
140,503,2019-01-05 21:24:50.8060,2019-01-05 21:33:14.5190,Exchange Place,40.7162469,-74.0334588,Brunswick St,40.7241765,-74.05065640000001,Subscriber,1984,1
141,687,2019-01-06 09:24:08.4180,2019-01-06 09:35:36.1900,Exchange Place,40.7162469,-74.0334588,Montgomery St,40.71942,-74.05099,Subscriber,1981,1
142,501,2019-01-06 11:00:12.5040,2019-01-06 11:08:33.7110,Exchange Place,40.7162469,-74.0334588,JC Medical Center,40.71653978099194,-74.0496379137039,Subscriber,1980,1
143,457,2019-01-06 13:29:31.0120,2019-01-06 13:37:08.7810,Exchange Place,40.7162469,-74.0334588,Newport Pkwy,40.728744799999994,-74.03210820000001,Subscriber,1983,2
144,1170,2019-01-06 13:29:55.0990,2019-01-06 13:49:25.4450,Exchange Place,40.7162469,-74.0334588,Grand St,40.71517767732029,-74.03768330812454,Subscriber,1961,1
145,452,2019-01-06 13:30:08.9040,2019-01-06 13:37:41.0490,Exchange Place,40.7162469,-74.0334588,Newport PATH,40.7272235,-74.03375890000001,Subscriber,1989,1
146,1236,2019-01-06 14:07:32.8060,2019-01-06 14:28:09.1770,Exchange Place,40.7162469,-74.0334588,Christ Hospital,40.734785818,-74.050443636,Subscriber,1963,1
147,215,2019-01-06 14:55:12.6640,2019-01-06 14:58:48.1780,Exchange Place,40.7162469,-74.0334588,Essex Light Rail,40.712774200000005,-74.03648570000001,Subscriber,1993,1
148,303,2019-01-06 16:55:48.2480,2019-01-06 17:00:52.1260,Exchange Place,40.7162469,-74.0334588,City Hall,40.717732500000004,-74.04384499999999,Customer,1990,2
149,624,2019-01-06 16:58:24.6310,2019-01-06 17:08:48.9750,Exchange Place,40.7162469,-74.0334588,Newport Pkwy,40.728744799999994,-74.03210820000001,Subscriber,1982,1
150,611,2019-01-06 16:58:31.3230,2019-01-06 17:08:43.1210,Exchange Place,40.7162469,-74.0334588,Newport Pkwy,40.728744799999994,-74.03210820000001,Subscriber,1981,2
151,399,2019-01-06 17:11:10.1900,2019-01-06 17:17:49.3380,Exchange Place,40.7162469,-74.0334588,Newport PATH,40.7272235,-74.03375890000001,Subscriber,1986,1
152,218,2019-01-06 20:14:03.8670,2019-01-06 20:17:42.4900,Exchange Place,40.7162469,-74.0334588,Grove St PATH,40.71958611647166,-74.0431174635887,Subscriber,1984,1
153,375,2019-01-06 20:24:58.2910,2019-01-06 20:31:13.9040,Exchange Place,40.7162469,-74.0334588,Grove St PATH,40.71958611647166,-74.0431174635887,Subscriber,1987,2
154,367,2019-01-06 20:25:11.3730,2019-01-06 20:31:18.5820,Exchange Place,40.7162469,-74.0334588,Grove St PATH,40.71958611647166,-74.0431174635887,Subscriber,1989,1
155,77,2019-01-07 08:26:08.2480,2019-01-07 08:27:25.4000,Exchange Place,40.7162469,-74.0334588,Paulus Hook,40.7141454,-74.0335519,Subscriber,1975,1
156,928,2019-01-07 10:11:42.8820,2019-01-07 10:27:11.8600,Exchange Place,40.7162469,-74.0334588,Montgomery St,40.71942,-74.05099,Subscriber,1965,1
157,68,2019-01-07 12:35:47.8890,2019-01-07 12:36:56.7540,Exchange Place,40.7162469,-74.0334588,Paulus Hook,40.7141454,-74.0335519,Subscriber,1987,1
158,476,2019-01-07 12:41:00.7070,2019-01-07 12:48:57.5920,Exchange Place,40.7162469,-74.0334588,Exchange Place,40.7162469,-74.0334588,Subscriber,1984,1
159,212,2019-01-07 14:21:11.5240,2019-01-07 14:24:44.2290,Exchange Place,40.7162469,-74.0334588,Morris Canal,40.7124188237569,-74.03852552175522,Subscriber,1981,0
160,617,2019-01-07 15:34:51.1020,2019-01-07 15:45:08.5650,Exchange Place,40.7162469,-74.0334588,Morris Canal,40.7124188237569,-74.03852552175522,Subscriber,1968,1
161,580,2019-01-07 16:05:44.7510,2019-01-07 16:15:25.4420,Exchange Place,40.7162469,-74.0334588,Jersey & 6th St,40.72528910781132,-74.04557168483734,Subscriber,1987,2
162,628,2019-01-07 16:25:21.7190,2019-01-07 16:35:50.6760,Exchange Place,40.7162469,-74.0334588,Monmouth and 6th,40.72568548362901,-74.0487903356552,Subscriber,1979,1
163,661,2019-01-07 16:57:54.9340,2019-01-07 17:08:56.8940,Exchange Place,40.7162469,-74.0334588,Liberty Light Rail,40.711242299999995,-74.0557013,Subscriber,1985,1
164,282,2019-01-07 17:14:55.8770,2019-01-07 17:19:38.1290,Exchange Place,40.7162469,-74.0334588,Morris Canal,40.7124188237569,-74.03852552175522,Subscriber,1976,2
165,162,2019-01-07 17:30:55.3240,2019-01-07 17:33:37.6780,Exchange Place,40.7162469,-74.0334588,Essex Light Rail,40.712774200000005,-74.03648570000001,Subscriber,1960,1
166,261,2019-01-07 17:33:11.8790,2019-01-07 17:37:32.9630,Exchange Place,40.7162469,-74.0334588,Morris Canal,40.7124188237569,-74.03852552175522,Subscriber,1970,1
167,768,2019-01-07 17:33:24.1410,2019-01-07 17:46:12.9980,Exchange Place,40.7162469,-74.0334588,Monmouth and 6th,40.72568548362901,-74.0487903356552,Subscriber,1969,0
168,608,2019-01-07 17:33:22.5810,2019-01-07 17:43:30.6890,Exchange Place,40.7162469,-74.0334588,Liberty Light Rail,40.711242299999995,-74.0557013,Subscriber,1980,1
169,2569,2019-01-07 17:39:19.3740,2019-01-07 18:22:08.7870,Exchange Place,40.7162469,-74.0334588,Grove St PATH,40.71958611647166,-74.0431174635887,Subscriber,1993,1
170,377,2019-01-07 17:41:33.9290,2019-01-07 17:47:51.4800,Exchange Place,40.7162469,-74.0334588,Marin Light Rail,40.71458403535893,-74.04281705617905,Subscriber,1982,1
171,268,2019-01-07 17:44:22.8190,2019-01-07 17:48:51.1190,Exchange Place,40.7162469,-74.0334588,Warren St,40.721123600000006,-74.03805095,Subscriber,1965,2
172,121,2019-01-07 17:47:54.4180,2019-01-07 17:49:55.6560,Exchange Place,40.7162469,-74.0334588,Paulus Hook,40.7141454,-74.0335519,Subscriber,1969,0
173,115,2019-01-07 17:51:23.7380,2019-01-07 17:53:19.6880,Exchange Place,40.7162469,-74.0334588,Grand St,40.71517767732029,-74.03768330812454,Subscriber,1990,1
174,130,2019-01-07 17:51:33.7470,2019-01-07 17:53:44.2480,Exchange Place,40.7162469,-74.0334588,Harborside,40.71925170000001,-74.034234,Subscriber,1969,0
175,326,2019-01-07 17:52:04.2600,2019-01-07 17:57:31.1680,Exchange Place,40.7162469,-74.0334588,Morris Canal,40.7124188237569,-74.03852552175522,Subscriber,1985,1
176,218,2019-01-07 17:52:55.4100,2019-01-07 17:56:34.3810,Exchange Place,40.7162469,-74.0334588,Morris Canal,40.7124188237569,-74.03852552175522,Subscriber,1994,2
177,273,2019-01-07 18:03:28.1200,2019-01-07 18:08:01.9780,Exchange Place,40.7162469,-74.0334588,Morris Canal,40.7124188237569,-74.03852552175522,Subscriber,1955,1
178,173,2019-01-07 18:03:51.6540,2019-01-07 18:06:45.2600,Exchange Place,40.7162469,-74.0334588,Grand St,40.71517767732029,-74.03768330812454,Subscriber,1970,1
179,246,2019-01-07 18:08:05.5600,2019-01-07 18:12:12.3860,Exchange Place,40.7162469,-74.0334588,Warren St,40.721123600000006,-74.03805095,Subscriber,1979,1
180,307,2019-01-07 18:17:37.4300,2019-01-07 18:22:45.2800,Exchange Place,40.7162469,-74.0334588,Essex Light Rail,40.712774200000005,-74.03648570000001,Subscriber,1993,1
181,321,2019-01-07 18:27:47.6990,2019-01-07 18:33:09.4200,Exchange Place,40.7162469,-74.0334588,Morris Canal,40.7124188237569,-74.03852552175522,Subscriber,1977,1
182,232,2019-01-07 18:38:16.8520,2019-01-07 18:42:09.3150,Exchange Place,40.7162469,-74.0334588,Warren St,40.721123600000006,-74.03805095,Customer,1969,0
183,226,2019-01-07 18:39:48.7110,2019-01-07 18:43:35.2420,Exchange Place,40.7162469,-74.0334588,Morris Canal,40.7124188237569,-74.03852552175522,Subscriber,1974,1
184,152,2019-01-07 19:19:20.9670,2019-01-07 19:21:53.8840,Exchange Place,40.7162469,-74.0334588,Essex Light Rail,40.712774200000005,-74.03648570000001,Subscriber,1972,1
185,268,2019-01-07 19:28:27.5650,2019-01-07 19:32:55.6850,Exchange Place,40.7162469,-74.0334588,Washington St,40.7242941,-74.0354826,Subscriber,1977,1
186,232,2019-01-07 19:34:37.7040,2019-01-07 19:38:29.9500,Exchange Place,40.7162469,-74.0334588,Warren St,40.721123600000006,-74.03805095,Subscriber,1987,1
187,277,2019-01-07 19:36:51.0260,2019-01-07 19:41:28.6580,Exchange Place,40.7162469,-74.0334588,Morris Canal,40.7124188237569,-74.03852552175522,Subscriber,1990,1
188,295,2019-01-07 19:38:15.4300,2019-01-07 19:43:11.3000,Exchange Place,40.7162469,-74.0334588,City Hall,40.717732500000004,-74.04384499999999,Subscriber,1983,1
189,245,2019-01-07 19:39:02.1040,2019-01-07 19:43:07.1270,Exchange Place,40.7162469,-74.0334588,Morris Canal,40.7124188237569,-74.03852552175522,Subscriber,1958,1
190,369,2019-01-07 19:55:55.0400,2019-01-07 20:02:04.6960,Exchange Place,40.7162469,-74.0334588,Morris Canal,40.7124188237569,-74.03852552175522,Subscriber,1994,2
191,241,2019-01-07 20:21:10.8330,2019-01-07 20:25:12.7990,Exchange Place,40.7162469,-74.0334588,Warren St,40.721123600000006,-74.03805095,Subscriber,1972,1
192,216,2019-01-07 20:22:18.7990,2019-01-07 20:25:55.2920,Exchange Place,40.7162469,-74.0334588,Morris Canal,40.7124188237569,-74.03852552175522,Subscriber,1983,1
193,224,2019-01-07 20:22:26.2880,2019-01-07 20:26:11.1020,Exchange Place,40.7162469,-74.0334588,Morris Canal,40.7124188237569,-74.03852552175522,Subscriber,1971,1
194,211,2019-01-07 20:53:17.6410,2019-01-07 20:56:48.9230,Exchange Place,40.7162469,-74.0334588,Morris Canal,40.7124188237569,-74.03852552175522,Subscriber,1985,1
195,150,2019-01-07 21:28:51.5700,2019-01-07 21:31:21.8030,Exchange Place,40.7162469,-74.0334588,Essex Light Rail,40.712774200000005,-74.03648570000001,Subscriber,1954,2
196,673,2019-01-07 22:38:09.9810,2019-01-07 22:49:23.0460,Exchange Place,40.7162469,-74.0334588,Liberty Light Rail,40.711242299999995,-74.0557013,Subscriber,1990,1
197,108,2019-01-08 07:30:48.2650,2019-01-08 07:32:36.5140,Exchange Place,40.7162469,-74.0334588,Paulus Hook,40.7141454,-74.0335519,Subscriber,1966,1
198,87,2019-01-08 08:30:34.1810,2019-01-08 08:32:02.0970,Exchange Place,40.7162469,-74.0334588,Paulus Hook,40.7141454,-74.0335519,Subscriber,1975,1
199,137,2019-01-08 08:54:04.8850,2019-01-08 08:56:22.2290,Exchange Place,40.7162469,-74.0334588,Harborside,40.71925170000001,-74.034234,Subscriber,1969,1
200,251,2019-01-08 14:22:26.2640,2019-01-08 14:26:37.8400,Exchange Place,40.7162469,-74.0334588,Marin Light Rail,40.71458403535893,-74.04281705617905,Subscriber,1979,1
201,217,2019-01-08 15:08:06.8080,2019-01-08 15:11:44.6830,Exchange Place,40.7162469,-74.0334588,Morris Canal,40.7124188237569,-74.03852552175522,Subscriber,1968,1
202,346,2019-01-08 15:53:45.1490,2019-01-08 15:59:31.6270,Exchange Place,40.7162469,-74.0334588,Grove St PATH,40.71958611647166,-74.0431174635887,Subscriber,1958,1
203,170,2019-01-08 16:40:01.7210,2019-01-08 16:42:52.3100,Exchange Place,40.7162469,-74.0334588,Essex Light Rail,40.712774200000005,-74.03648570000001,Subscriber,1987,1
204,317,2019-01-08 16:49:53.1190,2019-01-08 16:55:10.9350,Exchange Place,40.7162469,-74.0334588,Grove St PATH,40.71958611647166,-74.0431174635887,Subscriber,1987,2
205,238,2019-01-08 17:02:34.4210,2019-01-08 17:06:32.5100,Exchange Place,40.7162469,-74.0334588,Morris Canal,40.7124188237569,-74.03852552175522,Subscriber,1989,1
206,178,2019-01-08 17:05:37.8030,2019-01-08 17:08:36.2880,Exchange Place,40.7162469,-74.0334588,Essex Light Rail,40.712774200000005,-74.03648570000001,Subscriber,1974,1
207,293,2019-01-08 17:12:54.9080,2019-01-08 17:17:47.9790,Exchange Place,40.7162469,-74.0334588,Morris Canal,40.7124188237569,-74.03852552175522,Subscriber,1983,1
208,140,2019-01-08 17:14:15.0180,2019-01-08 17:16:35.8340,Exchange Place,40.7162469,-74.0334588,Grand St,40.71517767732029,-74.03768330812454,Subscriber,1985,1
209,255,2019-01-08 17:23:17.6280,2019-01-08 17:27:33.0670,Exchange Place,40.7162469,-74.0334588,Morris Canal,40.7124188237569,-74.03852552175522,Subscriber,1958,1
210,328,2019-01-08 17:24:55.6760,2019-01-08 17:30:24.1160,Exchange Place,40.7162469,-74.0334588,Morris Canal,40.7124188237569,-74.03852552175522,Subscriber,1984,1
211,126,2019-01-08 17:31:43.6990,2019-01-08 17:33:50.1290,Exchange Place,40.7162469,-74.0334588,Harborside,40.71925170000001,-74.034234,Subscriber,1969,0
212,332,2019-01-08 17:39:14.6880,2019-01-08 17:44:46.9730,Exchange Place,40.7162469,-74.0334588,City Hall,40.717732500000004,-74.04384499999999,Subscriber,1994,1
213,1009,2019-01-08 17:41:31.6200,2019-01-08 17:58:21.3670,Exchange Place,40.7162469,-74.0334588,Lincoln Park,40.7246050998869,-74.07840594649316,Subscriber,1973,1
214,162,2019-01-08 17:43:25.9000,2019-01-08 17:46:08.1460,Exchange Place,40.7162469,-74.0334588,Essex Light Rail,40.712774200000005,-74.03648570000001,Subscriber,1960,1
215,367,2019-01-08 17:50:06.1170,2019-01-08 17:56:13.4750,Exchange Place,40.7162469,-74.0334588,Newport PATH,40.7272235,-74.03375890000001,Subscriber,1990,1
216,180,2019-01-08 17:52:40.3670,2019-01-08 17:55:41.2410,Exchange Place,40.7162469,-74.0334588,Essex Light Rail,40.712774200000005,-74.03648570000001,Subscriber,1990,1
217,787,2019-01-08 17:55:57.6990,2019-01-08 18:09:05.5280,Exchange Place,40.7162469,-74.0334588,Newport PATH,40.7272235,-74.03375890000001,Subscriber,1996,2
218,245,2019-01-08 17:57:30.9090,2019-01-08 18:01:36.0280,Exchange Place,40.7162469,-74.0334588,Marin Light Rail,40.71458403535893,-74.04281705617905,Subscriber,1982,1
219,250,2019-01-08 17:57:41.9170,2019-01-08 18:01:51.9670,Exchange Place,40.7162469,-74.0334588,Warren St,40.721123600000006,-74.03805095,Subscriber,1979,1
220,378,2019-01-08 18:03:12.1870,2019-01-08 18:09:30.4250,Exchange Place,40.7162469,-74.0334588,Warren St,40.721123600000006,-74.03805095,Subscriber,1984,1
221,631,2019-01-08 18:08:53.5640,2019-01-08 18:19:25.5390,Exchange Place,40.7162469,-74.0334588,Liberty Light Rail,40.711242299999995,-74.0557013,Subscriber,1980,1
222,360,2019-01-08 18:17:32.6090,2019-01-08 18:23:32.6700,Exchange Place,40.7162469,-74.0334588,Grove St PATH,40.71958611647166,-74.0431174635887,Subscriber,1970,1
223,746,2019-01-08 18:21:07.4440,2019-01-08 18:33:33.4950,Exchange Place,40.7162469,-74.0334588,Liberty Light Rail,40.711242299999995,-74.0557013,Subscriber,1990,1
224,284,2019-01-08 18:55:30.2550,2019-01-08 19:00:15.0110,Exchange Place,40.7162469,-74.0334588,Essex Light Rail,40.712774200000005,-74.03648570000001,Subscriber,1993,1
225,206,2019-01-08 19:37:44.7070,2019-01-08 19:41:11.1560,Exchange Place,40.7162469,-74.0334588,Morris Canal,40.7124188237569,-74.03852552175522,Subscriber,1955,1
226,256,2019-01-08 19:50:18.6650,2019-01-08 19:54:35.3720,Exchange Place,40.7162469,-74.0334588,York St,40.71649,-74.04105,Subscriber,1968,2
227,208,2019-01-08 20:28:01.8540,2019-01-08 20:31:30.2320,Exchange Place,40.7162469,-74.0334588,Warren St,40.721123600000006,-74.03805095,Subscriber,1987,1
228,476,2019-01-08 20:33:36.5890,2019-01-08 20:41:33.0090,Exchange Place,40.7162469,-74.0334588,Brunswick & 6th,40.726011729646245,-74.0503889322281,Subscriber,1986,1
229,577,2019-01-08 20:46:30.6400,2019-01-08 20:56:08.4190,Exchange Place,40.7162469,-74.0334588,Monmouth and 6th,40.72568548362901,-74.0487903356552,Subscriber,1985,1
230,256,2019-01-08 20:58:35.6410,2019-01-08 21:02:52.1450,Exchange Place,40.7162469,-74.0334588,Morris Canal,40.7124188237569,-74.03852552175522,Subscriber,1977,1
231,90,2019-01-08 21:21:06.3420,2019-01-08 21:22:37.1110,Exchange Place,40.7162469,-74.0334588,Exchange Place,40.7162469,-74.0334588,Subscriber,1974,2
232,348,2019-01-08 21:43:54.2860,2019-01-08 21:49:43.1640,Exchange Place,40.7162469,-74.0334588,City Hall,40.717732500000004,-74.04384499999999,Subscriber,1991,2
233,347,2019-01-08 21:43:55.7000,2019-01-08 21:49:43.2350,Exchange Place,40.7162469,-74.0334588,City Hall,40.717732500000004,-74.04384499999999,Subscriber,1991,1
234,670,2019-01-08 21:46:03.1500,2019-01-08 21:57:14.0700,Exchange Place,40.7162469,-74.0334588,Harborside,40.71925170000001,-74.034234,Subscriber,1989,1
235,546,2019-01-08 22:23:37.8100,2019-01-08 22:32:44.0760,Exchange Place,40.7162469,-74.0334588,Hamilton Park,40.727595965999996,-74.044247311,Subscriber,1980,1
236,236,2019-01-08 23:02:10.8380,2019-01-08 23:06:06.8850,Exchange Place,40.7162469,-74.0334588,York St,40.71649,-74.04105,Subscriber,1986,1
237,81,2019-01-09 08:36:20.8700,2019-01-09 08:37:42.3010,Exchange Place,40.7162469,-74.0334588,Paulus Hook,40.7141454,-74.0335519,Subscriber,1975,1
238,367,2019-01-09 08:56:50.7330,2019-01-09 09:02:58.0830,Exchange Place,40.7162469,-74.0334588,Morris Canal,40.7124188237569,-74.03852552175522,Subscriber,1981,1
239,122,2019-01-09 09:06:23.7810,2019-01-09 09:08:26.1270,Exchange Place,40.7162469,-74.0334588,Harborside,40.71925170000001,-74.034234,Subscriber,1971,2
240,283,2019-01-09 11:55:46.0380,2019-01-09 12:00:29.2580,Exchange Place,40.7162469,-74.0334588,Grove St PATH,40.71958611647166,-74.0431174635887,Subscriber,1965,1
241,189,2019-01-09 12:34:15.4700,2019-01-09 12:37:24.9040,Exchange Place,40.7162469,-74.0334588,Columbus Drive,40.71835519823214,-74.03891444206238,Subscriber,1978,1
242,270,2019-01-09 12:59:37.1170,2019-01-09 13:04:07.2480,Exchange Place,40.7162469,-74.0334588,Washington St,40.7242941,-74.0354826,Subscriber,1984,1
243,377,2019-01-09 15:01:07.7300,2019-01-09 15:07:25.0260,Exchange Place,40.7162469,-74.0334588,Grove St PATH,40.71958611647166,-74.0431174635887,Subscriber,1987,1
244,72,2019-01-09 15:51:27.7510,2019-01-09 15:52:40.3600,Exchange Place,40.7162469,-74.0334588,Exchange Place,40.7162469,-74.0334588,Subscriber,1958,1
245,299,2019-01-09 15:53:15.6060,2019-01-09 15:58:15.5440,Exchange Place,40.7162469,-74.0334588,Grove St PATH,40.71958611647166,-74.0431174635887,Subscriber,1958,1
246,263,2019-01-09 16:32:43.6760,2019-01-09 16:37:07.5320,Exchange Place,40.7162469,-74.0334588,Morris Canal,40.7124188237569,-74.03852552175522,Subscriber,1968,1
247,322,2019-01-09 16:42:51.6320,2019-01-09 16:48:14.4640,Exchange Place,40.7162469,-74.0334588,Morris Canal,40.7124188237569,-74.03852552175522,Subscriber,1976,2
248,235,2019-01-09 16:57:19.8950,2019-01-09 17:01:15.2010,Exchange Place,40.7162469,-74.0334588,Morris Canal,40.7124188237569,-74.03852552175522,Subscriber,1974,1
249,227,2019-01-09 17:00:37.6970,2019-01-09 17:04:24.7770,Exchange Place,40.7162469,-74.0334588,Columbus Drive,40.71835519823214,-74.03891444206238,Subscriber,1980,1
250,316,2019-01-09 17:18:37.7750,2019-01-09 17:23:54.6720,Exchange Place,40.7162469,-74.0334588,Morris Canal,40.7124188237569,-74.03852552175522,Subscriber,1958,1
251,260,2019-01-09 17:20:38.8550,2019-01-09 17:24:59.8500,Exchange Place,40.7162469,-74.0334588,Morris Canal,40.7124188237569,-74.03852552175522,Subscriber,1980,1
252,2069,2019-01-09 17:26:06.2850,2019-01-09 18:00:36.0910,Exchange Place,40.7162469,-74.0334588,Grove St PATH,40.71958611647166,-74.0431174635887,Subscriber,1993,1
253,299,2019-01-09 17:28:16.3270,2019-01-09 17:33:15.6740,Exchange Place,40.7162469,-74.0334588,Morris Canal,40.7124188237569,-74.03852552175522,Subscriber,1990,1
254,108,2019-01-09 17:35:38.9200,2019-01-09 17:37:27.6420,Exchange Place,40.7162469,-74.0334588,Paulus Hook,40.7141454,-74.0335519,Subscriber,1960,1
255,756,2019-01-09 17:38:17.9540,2019-01-09 17:50:54.8210,Exchange Place,40.7162469,-74.0334588,Monmouth and 6th,40.72568548362901,-74.0487903356552,Subscriber,1969,0
256,234,2019-01-09 17:40:53.5920,2019-01-09 17:44:48.1200,Exchange Place,40.7162469,-74.0334588,Morris Canal,40.7124188237569,-74.03852552175522,Subscriber,1990,1
257,254,2019-01-09 17:42:32.1580,2019-01-09 17:46:46.8390,Exchange Place,40.7162469,-74.0334588,Warren St,40.721123600000006,-74.03805095,Subscriber,1980,1
258,362,2019-01-09 17:45:49.1810,2019-01-09 17:51:51.4850,Exchange Place,40.7162469,-74.0334588,City Hall,40.717732500000004,-74.04384499999999,Subscriber,1994,1
259,230,2019-01-09 18:03:21.4650,2019-01-09 18:07:12.2320,Exchange Place,40.7162469,-74.0334588,Morris Canal,40.7124188237569,-74.03852552175522,Subscriber,1955,1
260,469,2019-01-09 18:04:22.8450,2019-01-09 18:12:11.8610,Exchange Place,40.7162469,-74.0334588,Newport Pkwy,40.728744799999994,-74.03210820000001,Subscriber,1990,1
261,255,2019-01-09 18:05:16.1340,2019-01-09 18:09:31.4710,Exchange Place,40.7162469,-74.0334588,Morris Canal,40.7124188237569,-74.03852552175522,Subscriber,1984,1
262,374,2019-01-09 18:10:42.1510,2019-01-09 18:16:56.3330,Exchange Place,40.7162469,-74.0334588,Morris Canal,40.7124188237569,-74.03852552175522,Subscriber,1994,2
263,938,2019-01-09 18:11:19.6420,2019-01-09 18:26:57.7140,Exchange Place,40.7162469,-74.0334588,Liberty Light Rail,40.711242299999995,-74.0557013,Subscriber,1990,1
264,289,2019-01-09 18:15:33.0880,2019-01-09 18:20:23.0030,Exchange Place,40.7162469,-74.0334588,Warren St,40.721123600000006,-74.03805095,Subscriber,1979,1
265,322,2019-01-09 18:22:58.9680,2019-01-09 18:28:21.6560,Exchange Place,40.7162469,-74.0334588,Morris Canal,40.7124188237569,-74.03852552175522,Subscriber,1985,1
266,707,2019-01-09 18:32:58.9360,2019-01-09 18:44:46.5150,Exchange Place,40.7162469,-74.0334588,Liberty Light Rail,40.711242299999995,-74.0557013,Subscriber,1990,1
267,624,2019-01-09 18:40:29.5750,2019-01-09 18:50:54.1570,Exchange Place,40.7162469,-74.0334588,Essex Light Rail,40.712774200000005,-74.03648570000001,Subscriber,1993,1
268,298,2019-01-09 18:50:42.5590,2019-01-09 18:55:41.2690,Exchange Place,40.7162469,-74.0334588,Marin Light Rail,40.71458403535893,-74.04281705617905,Subscriber,1981,1
269,214,2019-01-09 18:59:19.4380,2019-01-09 19:02:54.3170,Exchange Place,40.7162469,-74.0334588,Grand St,40.71517767732029,-74.03768330812454,Subscriber,1988,2
270,213,2019-01-09 19:04:35.4170,2019-01-09 19:08:08.7620,Exchange Place,40.7162469,-74.0334588,Morris Canal,40.7124188237569,-74.03852552175522,Subscriber,1972,1
271,274,2019-01-09 19:15:19.6530,2019-01-09 19:19:54.4800,Exchange Place,40.7162469,-74.0334588,Morris Canal,40.7124188237569,-74.03852552175522,Subscriber,1990,1
272,214,2019-01-09 19:15:20.3490,2019-01-09 19:18:54.5290,Exchange Place,40.7162469,-74.0334588,Grand St,40.71517767732029,-74.03768330812454,Subscriber,1982,1
273,239,2019-01-09 19:19:04.1230,2019-01-09 19:23:03.5890,Exchange Place,40.7162469,-74.0334588,Warren St,40.721123600000006,-74.03805095,Subscriber,1987,1
274,270,2019-01-09 19:19:02.7870,2019-01-09 19:23:32.9150,Exchange Place,40.7162469,-74.0334588,City Hall,40.717732500000004,-74.04384499999999,Subscriber,1982,2
275,631,2019-01-09 19:31:28.7610,2019-01-09 19:42:00.6140,Exchange Place,40.7162469,-74.0334588,Liberty Light Rail,40.711242299999995,-74.0557013,Subscriber,1980,1
276,287,2019-01-09 19:36:53.6440,2019-01-09 19:41:40.8890,Exchange Place,40.7162469,-74.0334588,City Hall,40.717732500000004,-74.04384499999999,Subscriber,1983,1
277,256,2019-01-09 19:37:51.8900,2019-01-09 19:42:08.5350,Exchange Place,40.7162469,-74.0334588,Washington St,40.7242941,-74.0354826,Subscriber,1977,1
278,451,2019-01-09 19:38:23.4250,2019-01-09 19:45:55.0140,Exchange Place,40.7162469,-74.0334588,Washington St,40.7242941,-74.0354826,Subscriber,1996,2
279,623,2019-01-09 20:03:21.0950,2019-01-09 20:13:44.9620,Exchange Place,40.7162469,-74.0334588,Monmouth and 6th,40.72568548362901,-74.0487903356552,Subscriber,1985,1
280,480,2019-01-09 20:09:53.0810,2019-01-09 20:17:53.3220,Exchange Place,40.7162469,-74.0334588,Dixon Mills,40.72163014263835,-74.04996782541275,Subscriber,1973,1
281,95,2019-01-09 20:33:33.7730,2019-01-09 20:35:09.4240,Exchange Place,40.7162469,-74.0334588,Harborside,40.71925170000001,-74.034234,Subscriber,1989,1
282,709,2019-01-09 21:48:19.8570,2019-01-09 22:00:09.5490,Exchange Place,40.7162469,-74.0334588,Liberty Light Rail,40.711242299999995,-74.0557013,Subscriber,1992,2
283,185,2019-01-09 22:23:15.8100,2019-01-09 22:26:21.2900,Exchange Place,40.7162469,-74.0334588,Essex Light Rail,40.712774200000005,-74.03648570000001,Subscriber,1954,2
284,81,2019-01-10 08:38:44.3550,2019-01-10 08:40:05.4090,Exchange Place,40.7162469,-74.0334588,Paulus Hook,40.7141454,-74.0335519,Subscriber,1975,1
285,134,2019-01-10 10:00:01.9180,2019-01-10 10:02:16.5470,Exchange Place,40.7162469,-74.0334588,Harborside,40.71925170000001,-74.034234,Subscriber,1971,2
286,86,2019-01-10 12:17:50.0500,2019-01-10 12:19:16.5200,Exchange Place,40.7162469,-74.0334588,Paulus Hook,40.7141454,-74.0335519,Subscriber,1987,1
287,567,2019-01-10 12:35:19.5660,2019-01-10 12:44:47.0700,Exchange Place,40.7162469,-74.0334588,Newark Ave,40.72152515,-74.046304543,Subscriber,1988,1
288,295,2019-01-10 12:45:18.4780,2019-01-10 12:50:13.6490,Exchange Place,40.7162469,-74.0334588,Warren St,40.721123600000006,-74.03805095,Subscriber,1987,2
289,198,2019-01-10 14:08:20.6270,2019-01-10 14:11:39.4960,Exchange Place,40.7162469,-74.0334588,Morris Canal,40.7124188237569,-74.03852552175522,Subscriber,1987,1
290,217,2019-01-10 15:08:56.6500,2019-01-10 15:12:33.6700,Exchange Place,40.7162469,-74.0334588,Marin Light Rail,40.71458403535893,-74.04281705617905,Subscriber,1982,1
291,287,2019-01-10 15:33:03.0780,2019-01-10 15:37:50.5070,Exchange Place,40.7162469,-74.0334588,Morris Canal,40.7124188237569,-74.03852552175522,Subscriber,1960,1
292,241,2019-01-10 15:48:25.7200,2019-01-10 15:52:26.7760,Exchange Place,40.7162469,-74.0334588,Morris Canal,40.7124188237569,-74.03852552175522,Subscriber,1958,1
293,143,2019-01-10 16:16:50.1930,2019-01-10 16:19:14.1910,Exchange Place,40.7162469,-74.0334588,Essex Light Rail,40.712774200000005,-74.03648570000001,Subscriber,1994,1
294,297,2019-01-10 16:20:14.4940,2019-01-10 16:25:12.3700,Exchange Place,40.7162469,-74.0334588,Columbus Drive,40.71835519823214,-74.03891444206238,Subscriber,1972,1
295,299,2019-01-10 16:57:45.9530,2019-01-10 17:02:45.0710,Exchange Place,40.7162469,-74.0334588,Washington St,40.7242941,-74.0354826,Subscriber,1984,2
296,246,2019-01-10 17:06:06.2880,2019-01-10 17:10:12.5890,Exchange Place,40.7162469,-74.0334588,Essex Light Rail,40.712774200000005,-74.03648570000001,Subscriber,1974,1
297,1798,2019-01-10 17:23:39.5760,2019-01-10 17:53:38.0390,Exchange Place,40.7162469,-74.0334588,Grove St PATH,40.71958611647166,-74.0431174635887,Subscriber,1993,1
298,467,2019-01-10 18:02:59.8870,2019-01-10 18:10:47.1440,Exchange Place,40.7162469,-74.0334588,Newport Pkwy,40.728744799999994,-74.03210820000001,Subscriber,1990,1
299,801,2019-01-10 18:05:28.2540,2019-01-10 18:18:49.9070,Exchange Place,40.7162469,-74.0334588,Monmouth and 6th,40.72568548362901,-74.0487903356552,Subscriber,1980,1
300,333,2019-01-10 18:29:10.2450,2019-01-10 18:34:44.0420,Exchange Place,40.7162469,-74.0334588,Morris Canal,40.7124188237569,-74.03852552175522,Subscriber,1985,1
301,191,2019-01-10 18:38:51.3400,2019-01-10 18:42:02.4910,Exchange Place,40.7162469,-74.0334588,Grand St,40.71517767732029,-74.03768330812454,Subscriber,1969,1
302,230,2019-01-10 18:46:02.3450,2019-01-10 18:49:52.5310,Exchange Place,40.7162469,-74.0334588,Morris Canal,40.7124188237569,-74.03852552175522,Subscriber,1972,1
303,245,2019-01-10 18:49:12.4690,2019-01-10 18:53:18.3040,Exchange Place,40.7162469,-74.0334588,Morris Canal,40.7124188237569,-74.03852552175522,Subscriber,1990,1
304,139,2019-01-10 18:49:25.1210,2019-01-10 18:51:44.5470,Exchange Place,40.7162469,-74.0334588,Harborside,40.71925170000001,-74.034234,Subscriber,1969,0
305,251,2019-01-10 19:05:09.3010,2019-01-10 19:09:20.5390,Exchange Place,40.7162469,-74.0334588,Morris Canal,40.7124188237569,-74.03852552175522,Subscriber,1980,1
306,218,2019-01-10 19:24:54.3750,2019-01-10 19:28:32.6540,Exchange Place,40.7162469,-74.0334588,Grand St,40.71517767732029,-74.03768330812454,Subscriber,1982,1
307,234,2019-01-10 19:28:36.8810,2019-01-10 19:32:31.1160,Exchange Place,40.7162469,-74.0334588,Warren St,40.721123600000006,-74.03805095,Subscriber,1972,1
308,236,2019-01-10 19:36:28.0030,2019-01-10 19:40:24.2540,Exchange Place,40.7162469,-74.0334588,Morris Canal,40.7124188237569,-74.03852552175522,Subscriber,1985,1
309,253,2019-01-10 20:00:58.0640,2019-01-10 20:05:11.4690,Exchange Place,40.7162469,-74.0334588,Washington St,40.7242941,-74.0354826,Subscriber,1977,1
310,380,2019-01-10 20:03:56.2840,2019-01-10 20:10:16.9510,Exchange Place,40.7162469,-74.0334588,Newport Pkwy,40.728744799999994,-74.03210820000001,Subscriber,1989,1
311,287,2019-01-10 20:22:24.6430,2019-01-10 20:27:11.8880,Exchange Place,40.7162469,-74.0334588,York St,40.71649,-74.04105,Subscriber,1986,1
312,99,2019-01-10 20:59:21.6690,2019-01-10 21:01:00.8830,Exchange Place,40.7162469,-74.0334588,Harborside,40.71925170000001,-74.034234,Subscriber,1989,1
313,201,2019-01-10 22:17:08.0250,2019-01-10 22:20:29.5880,Exchange Place,40.7162469,-74.0334588,Warren St,40.721123600000006,-74.03805095,Subscriber,1987,1
314,215,2019-01-10 22:41:37.1790,2019-01-10 22:45:12.9650,Exchange Place,40.7162469,-74.0334588,Essex Light Rail,40.712774200000005,-74.03648570000001,Subscriber,1993,1
315,240,2019-01-11 00:24:59.5150,2019-01-11 00:28:59.9610,Exchange Place,40.7162469,-74.0334588,City Hall,40.717732500000004,-74.04384499999999,Subscriber,1980,1
316,177,2019-01-11 00:37:30.9520,2019-01-11 00:40:28.2170,Exchange Place,40.7162469,-74.0334588,Essex Light Rail,40.712774200000005,-74.03648570000001,Subscriber,1973,1
317,510,2019-01-11 00:38:04.0400,2019-01-11 00:46:34.7380,Exchange Place,40.7162469,-74.0334588,Newport Pkwy,40.728744799999994,-74.03210820000001,Subscriber,1985,2
318,1184,2019-01-11 12:26:30.0150,2019-01-11 12:46:14.5870,Exchange Place,40.7162469,-74.0334588,Exchange Place,40.7162469,-74.0334588,Subscriber,1969,0
319,1305,2019-01-11 16:23:53.5380,2019-01-11 16:45:39.4500,Exchange Place,40.7162469,-74.0334588,McGinley Square,40.7253399253558,-74.06762212514876,Subscriber,1973,2
320,929,2019-01-11 16:37:14.0290,2019-01-11 16:52:43.0690,Exchange Place,40.7162469,-74.0334588,Essex Light Rail,40.712774200000005,-74.03648570000001,Subscriber,1968,1
321,428,2019-01-11 16:57:01.7630,2019-01-11 17:04:10.3000,Exchange Place,40.7162469,-74.0334588,Newark Ave,40.72152515,-74.046304543,Subscriber,1976,1
322,372,2019-01-11 17:05:44.7630,2019-01-11 17:11:56.9020,Exchange Place,40.7162469,-74.0334588,Manila & 1st,40.72165072487999,-74.04288411140442,Subscriber,1980,1
323,349,2019-01-11 17:47:18.6230,2019-01-11 17:53:07.7690,Exchange Place,40.7162469,-74.0334588,Morris Canal,40.7124188237569,-74.03852552175522,Subscriber,1994,2
324,706,2019-01-11 17:47:57.2460,2019-01-11 17:59:43.5240,Exchange Place,40.7162469,-74.0334588,Liberty Light Rail,40.711242299999995,-74.0557013,Subscriber,1990,1
325,145,2019-01-11 17:53:21.3840,2019-01-11 17:55:46.6030,Exchange Place,40.7162469,-74.0334588,Essex Light Rail,40.712774200000005,-74.03648570000001,Subscriber,1982,1
326,257,2019-01-11 17:54:58.5730,2019-01-11 17:59:16.5520,Exchange Place,40.7162469,-74.0334588,Warren St,40.721123600000006,-74.03805095,Subscriber,1988,1
327,398,2019-01-11 18:02:32.8550,2019-01-11 18:09:11.8160,Exchange Place,40.7162469,-74.0334588,Grove St PATH,40.71958611647166,-74.0431174635887,Subscriber,1954,1
328,340,2019-01-11 18:12:30.9390,2019-01-11 18:18:11.6970,Exchange Place,40.7162469,-74.0334588,Morris Canal,40.7124188237569,-74.03852552175522,Subscriber,1981,0
329,254,2019-01-11 18:34:59.3940,2019-01-11 18:39:13.7220,Exchange Place,40.7162469,-74.0334588,Warren St,40.721123600000006,-74.03805095,Subscriber,1972,1
330,148,2019-01-11 18:35:46.2810,2019-01-11 18:38:15.0590,Exchange Place,40.7162469,-74.0334588,Essex Light Rail,40.712774200000005,-74.03648570000001,Subscriber,1987,1
331,294,2019-01-11 18:46:49.2200,2019-01-11 18:51:43.9420,Exchange Place,40.7162469,-74.0334588,Warren St,40.721123600000006,-74.03805095,Subscriber,1979,1
332,279,2019-01-11 18:55:21.8030,2019-01-11 19:00:01.4130,Exchange Place,40.7162469,-74.0334588,Morris Canal,40.7124188237569,-74.03852552175522,Subscriber,1990,1
333,205,2019-01-11 19:09:26.9780,2019-01-11 19:12:52.7930,Exchange Place,40.7162469,-74.0334588,Essex Light Rail,40.712774200000005,-74.03648570000001,Subscriber,1978,1
334,210,2019-01-11 19:19:21.1870,2019-01-11 19:22:51.9960,Exchange Place,40.7162469,-74.0334588,York St,40.71649,-74.04105,Subscriber,1986,1
335,277,2019-01-11 19:48:58.0380,2019-01-11 19:53:35.5650,Exchange Place,40.7162469,-74.0334588,York St,40.71649,-74.04105,Subscriber,1968,2
336,458,2019-01-12 13:55:18.7710,2019-01-12 14:02:57.4030,Exchange Place,40.7162469,-74.0334588,Newport PATH,40.7272235,-74.03375890000001,Subscriber,1973,1
337,1109,2019-01-12 14:22:52.8030,2019-01-12 14:41:22.0920,Exchange Place,40.7162469,-74.0334588,Montgomery St,40.71942,-74.05099,Subscriber,1965,1
338,264,2019-01-12 15:49:30.2830,2019-01-12 15:53:54.7990,Exchange Place,40.7162469,-74.0334588,Grove St PATH,40.71958611647166,-74.0431174635887,Subscriber,1963,1
339,91,2019-01-12 16:10:54.4980,2019-01-12 16:12:25.5550,Exchange Place,40.7162469,-74.0334588,Harborside,40.71925170000001,-74.034234,Subscriber,1988,1
340,241,2019-01-12 16:59:11.0460,2019-01-12 17:03:12.0530,Exchange Place,40.7162469,-74.0334588,Morris Canal,40.7124188237569,-74.03852552175522,Subscriber,1984,1
341,508,2019-01-12 17:42:17.1620,2019-01-12 17:50:46.1350,Exchange Place,40.7162469,-74.0334588,Newark Ave,40.72152515,-74.046304543,Subscriber,1992,2
342,138,2019-01-12 17:59:09.7700,2019-01-12 18:01:28.4000,Exchange Place,40.7162469,-74.0334588,Grand St,40.71517767732029,-74.03768330812454,Subscriber,1997,1
343,91,2019-01-12 19:52:26.8190,2019-01-12 19:53:57.8610,Exchange Place,40.7162469,-74.0334588,Paulus Hook,40.7141454,-74.0335519,Subscriber,1978,1
344,255,2019-01-12 23:21:21.0020,2019-01-12 23:25:36.7790,Exchange Place,40.7162469,-74.0334588,Morris Canal,40.7124188237569,-74.03852552175522,Subscriber,1980,1
345,360,2019-01-13 08:24:12.8400,2019-01-13 08:30:13.1860,Exchange Place,40.7162469,-74.0334588,JC Medical Center,40.71653978099194,-74.0496379137039,Subscriber,1976,2
346,1181,2019-01-13 11:41:41.0140,2019-01-13 12:01:22.0910,Exchange Place,40.7162469,-74.0334588,Marin Light Rail,40.71458403535893,-74.04281705617905,Subscriber,1993,1
347,315,2019-01-13 15:32:05.6510,2019-01-13 15:37:21.1340,Exchange Place,40.7162469,-74.0334588,Van Vorst Park,40.71848892,-74.047726625,Subscriber,1970,1
348,624,2019-01-13 16:22:15.8930,2019-01-13 16:32:40.6690,Exchange Place,40.7162469,-74.0334588,Dixon Mills,40.72163014263835,-74.04996782541275,Subscriber,1987,2
349,1293,2019-01-13 16:42:16.5080,2019-01-13 17:03:49.5210,Exchange Place,40.7162469,-74.0334588,Morris Canal,40.7124188237569,-74.03852552175522,Subscriber,1975,2
350,472,2019-01-13 18:24:55.9220,2019-01-13 18:32:48.6470,Exchange Place,40.7162469,-74.0334588,Jersey & 3rd,40.723331586464354,-74.04595255851744,Subscriber,1988,1
351,80,2019-01-14 08:29:03.3430,2019-01-14 08:30:24.1300,Exchange Place,40.7162469,-74.0334588,Paulus Hook,40.7141454,-74.0335519,Subscriber,1975,1
352,297,2019-01-14 08:55:54.4230,2019-01-14 09:00:51.6110,Exchange Place,40.7162469,-74.0334588,Grand St,40.71517767732029,-74.03768330812454,Subscriber,1989,1
353,311,2019-01-14 15:54:14.4070,2019-01-14 15:59:25.6650,Exchange Place,40.7162469,-74.0334588,Grove St PATH,40.71958611647166,-74.0431174635887,Subscriber,1958,1
354,204,2019-01-14 16:43:58.1300,2019-01-14 16:47:22.7770,Exchange Place,40.7162469,-74.0334588,Essex Light Rail,40.712774200000005,-74.03648570000001,Subscriber,1987,1
355,417,2019-01-14 17:04:16.7950,2019-01-14 17:11:13.8760,Exchange Place,40.7162469,-74.0334588,Newport Pkwy,40.728744799999994,-74.03210820000001,Subscriber,1941,2
356,540,2019-01-14 17:13:53.4840,2019-01-14 17:22:53.6300,Exchange Place,40.7162469,-74.0334588,Newport PATH,40.7272235,-74.03375890000001,Subscriber,1977,1
357,277,2019-01-14 17:14:17.6750,2019-01-14 17:18:55.0630,Exchange Place,40.7162469,-74.0334588,Morris Canal,40.7124188237569,-74.03852552175522,Subscriber,1980,1
358,567,2019-01-14 17:23:26.5930,2019-01-14 17:32:53.8100,Exchange Place,40.7162469,-74.0334588,Liberty Light Rail,40.711242299999995,-74.0557013,Subscriber,1980,1
359,183,2019-01-14 17:28:37.6360,2019-01-14 17:31:41.5250,Exchange Place,40.7162469,-74.0334588,Morris Canal,40.7124188237569,-74.03852552175522,Subscriber,1990,1
360,157,2019-01-14 17:32:05.4370,2019-01-14 17:34:42.6370,Exchange Place,40.7162469,-74.0334588,Harborside,40.71925170000001,-74.034234,Subscriber,1969,0
361,170,2019-01-14 17:32:09.6960,2019-01-14 17:34:59.8690,Exchange Place,40.7162469,-74.0334588,Harborside,40.71925170000001,-74.034234,Subscriber,1981,1
362,258,2019-01-14 17:32:58.4250,2019-01-14 17:37:17.3900,Exchange Place,40.7162469,-74.0334588,Marin Light Rail,40.71458403535893,-74.04281705617905,Subscriber,1993,1
363,406,2019-01-14 17:36:23.3180,2019-01-14 17:43:09.7610,Exchange Place,40.7162469,-74.0334588,Newark Ave,40.72152515,-74.046304543,Subscriber,1976,1
364,593,2019-01-14 17:38:10.2460,2019-01-14 17:48:03.5360,Exchange Place,40.7162469,-74.0334588,Newport Pkwy,40.728744799999994,-74.03210820000001,Subscriber,1996,2
365,185,2019-01-14 17:39:53.9700,2019-01-14 17:42:59.2430,Exchange Place,40.7162469,-74.0334588,Essex Light Rail,40.712774200000005,-74.03648570000001,Subscriber,1960,1
366,207,2019-01-14 18:03:40.5420,2019-01-14 18:07:08.5050,Exchange Place,40.7162469,-74.0334588,Essex Light Rail,40.712774200000005,-74.03648570000001,Subscriber,1987,1
367,357,2019-01-14 18:05:52.9350,2019-01-14 18:11:50.0520,Exchange Place,40.7162469,-74.0334588,Morris Canal,40.7124188237569,-74.03852552175522,Subscriber,1983,1
368,423,2019-01-14 18:06:19.1870,2019-01-14 18:13:22.8800,Exchange Place,40.7162469,-74.0334588,Van Vorst Park,40.71848892,-74.047726625,Subscriber,1962,1
369,259,2019-01-14 18:09:38.7050,2019-01-14 18:13:57.9990,Exchange Place,40.7162469,-74.0334588,Warren St,40.721123600000006,-74.03805095,Subscriber,1979,1
370,280,2019-01-14 18:25:27.8460,2019-01-14 18:30:08.4710,Exchange Place,40.7162469,-74.0334588,York St,40.71649,-74.04105,Subscriber,1986,1
371,358,2019-01-14 18:25:50.7450,2019-01-14 18:31:48.7450,Exchange Place,40.7162469,-74.0334588,Morris Canal,40.7124188237569,-74.03852552175522,Subscriber,1994,2
372,266,2019-01-14 18:28:13.9680,2019-01-14 18:32:40.5720,Exchange Place,40.7162469,-74.0334588,Morris Canal,40.7124188237569,-74.03852552175522,Subscriber,1981,0
373,190,2019-01-14 18:28:23.6470,2019-01-14 18:31:33.8990,Exchange Place,40.7162469,-74.0334588,Grand St,40.71517767732029,-74.03768330812454,Subscriber,1988,2
374,220,2019-01-14 18:28:33.8020,2019-01-14 18:32:14.5340,Exchange Place,40.7162469,-74.0334588,Warren St,40.721123600000006,-74.03805095,Subscriber,1972,1
375,295,2019-01-14 18:31:07.7900,2019-01-14 18:36:03.6740,Exchange Place,40.7162469,-74.0334588,Morris Canal,40.7124188237569,-74.03852552175522,Subscriber,1990,1
376,418,2019-01-14 18:33:58.3350,2019-01-14 18:40:56.4440,Exchange Place,40.7162469,-74.0334588,Morris Canal,40.7124188237569,-74.03852552175522,Subscriber,1974,1
377,178,2019-01-14 19:01:29.7720,2019-01-14 19:04:27.9290,Exchange Place,40.7162469,-74.0334588,Grand St,40.71517767732029,-74.03768330812454,Subscriber,1982,1
378,397,2019-01-14 19:06:30.9660,2019-01-14 19:13:08.9040,Exchange Place,40.7162469,-74.0334588,Essex Light Rail,40.712774200000005,-74.03648570000001,Subscriber,1993,1
379,529,2019-01-14 19:53:52.0790,2019-01-14 20:02:41.4180,Exchange Place,40.7162469,-74.0334588,Newport PATH,40.7272235,-74.03375890000001,Subscriber,1991,1
380,234,2019-01-14 20:11:37.4180,2019-01-14 20:15:32.0110,Exchange Place,40.7162469,-74.0334588,York St,40.71649,-74.04105,Subscriber,1968,2
381,309,2019-01-14 20:13:19.3730,2019-01-14 20:18:29.0310,Exchange Place,40.7162469,-74.0334588,Van Vorst Park,40.71848892,-74.047726625,Subscriber,1969,0
382,266,2019-01-14 22:04:01.1140,2019-01-14 22:08:27.8670,Exchange Place,40.7162469,-74.0334588,Washington St,40.7242941,-74.0354826,Subscriber,1988,1
383,263,2019-01-14 22:34:47.4870,2019-01-14 22:39:11.0990,Exchange Place,40.7162469,-74.0334588,Morris Canal,40.7124188237569,-74.03852552175522,Subscriber,1992,1
384,271,2019-01-15 08:05:22.7900,2019-01-15 08:09:54.0890,Exchange Place,40.7162469,-74.0334588,City Hall,40.717732500000004,-74.04384499999999,Subscriber,1986,1
385,74,2019-01-15 08:27:06.7400,2019-01-15 08:28:20.7910,Exchange Place,40.7162469,-74.0334588,Paulus Hook,40.7141454,-74.0335519,Subscriber,1975,1
386,352,2019-01-15 14:28:39.0860,2019-01-15 14:34:31.2730,Exchange Place,40.7162469,-74.0334588,Newport Pkwy,40.728744799999994,-74.03210820000001,Subscriber,1941,2
387,1400,2019-01-15 14:39:16.2070,2019-01-15 15:02:36.7380,Exchange Place,40.7162469,-74.0334588,Pershing Field,40.742677141,-74.051788633,Subscriber,1991,1
388,346,2019-01-15 16:08:06.9440,2019-01-15 16:13:53.1050,Exchange Place,40.7162469,-74.0334588,Grove St PATH,40.71958611647166,-74.0431174635887,Subscriber,1965,1
389,215,2019-01-15 16:37:51.0920,2019-01-15 16:41:26.9110,Exchange Place,40.7162469,-74.0334588,Morris Canal,40.7124188237569,-74.03852552175522,Subscriber,1968,1
390,158,2019-01-15 16:43:08.7350,2019-01-15 16:45:47.1730,Exchange Place,40.7162469,-74.0334588,Essex Light Rail,40.712774200000005,-74.03648570000001,Subscriber,1987,1
391,2585,2019-01-15 17:13:53.9560,2019-01-15 17:56:59.8290,Exchange Place,40.7162469,-74.0334588,Grove St PATH,40.71958611647166,-74.0431174635887,Subscriber,1993,1
392,303,2019-01-15 17:19:39.3710,2019-01-15 17:24:43.2020,Exchange Place,40.7162469,-74.0334588,Morris Canal,40.7124188237569,-74.03852552175522,Subscriber,1970,1
393,121,2019-01-15 17:26:53.8700,2019-01-15 17:28:55.7060,Exchange Place,40.7162469,-74.0334588,Harborside,40.71925170000001,-74.034234,Subscriber,1969,0
394,534,2019-01-15 17:32:04.5090,2019-01-15 17:40:58.9190,Exchange Place,40.7162469,-74.0334588,Liberty Light Rail,40.711242299999995,-74.0557013,Subscriber,1980,1
395,663,2019-01-15 17:32:58.1270,2019-01-15 17:44:02.0990,Exchange Place,40.7162469,-74.0334588,Monmouth and 6th,40.72568548362901,-74.0487903356552,Subscriber,1969,0
396,245,2019-01-15 17:32:51.4420,2019-01-15 17:36:56.5310,Exchange Place,40.7162469,-74.0334588,Grove St PATH,40.71958611647166,-74.0431174635887,Subscriber,1976,1
397,160,2019-01-15 17:50:09.6140,2019-01-15 17:52:49.7560,Exchange Place,40.7162469,-74.0334588,Essex Light Rail,40.712774200000005,-74.03648570000001,Subscriber,1960,1
398,258,2019-01-15 17:50:29.2140,2019-01-15 17:54:47.9700,Exchange Place,40.7162469,-74.0334588,City Hall,40.717732500000004,-74.04384499999999,Subscriber,1994,1
399,236,2019-01-15 17:53:56.4420,2019-01-15 17:57:52.9040,Exchange Place,40.7162469,-74.0334588,Morris Canal,40.7124188237569,-74.03852552175522,Subscriber,1989,2
400,161,2019-01-15 17:56:47.0680,2019-01-15 17:59:28.1160,Exchange Place,40.7162469,-74.0334588,Grand St,40.71517767732029,-74.03768330812454,Subscriber,1988,2
401,360,2019-01-15 17:58:52.6780,2019-01-15 18:04:53.3700,Exchange Place,40.7162469,-74.0334588,Newport PATH,40.7272235,-74.03375890000001,Subscriber,1990,1
402,348,2019-01-15 17:59:22.4170,2019-01-15 18:05:10.7520,Exchange Place,40.7162469,-74.0334588,Morris Canal,40.7124188237569,-74.03852552175522,Subscriber,1994,2
403,85,2019-01-15 17:59:30.0060,2019-01-15 18:00:55.4680,Exchange Place,40.7162469,-74.0334588,Paulus Hook,40.7141454,-74.0335519,Subscriber,1987,1
404,362,2019-01-15 18:07:58.9170,2019-01-15 18:14:01.2080,Exchange Place,40.7162469,-74.0334588,Morris Canal,40.7124188237569,-74.03852552175522,Subscriber,1985,1
405,263,2019-01-15 18:08:30.9370,2019-01-15 18:12:54.3020,Exchange Place,40.7162469,-74.0334588,Warren St,40.721123600000006,-74.03805095,Subscriber,1979,1
406,372,2019-01-15 18:20:08.8910,2019-01-15 18:26:21.3840,Exchange Place,40.7162469,-74.0334588,Grove St PATH,40.71958611647166,-74.0431174635887,Subscriber,1970,1
407,922,2019-01-15 18:20:10.4910,2019-01-15 18:35:33.3050,Exchange Place,40.7162469,-74.0334588,Monmouth and 6th,40.72568548362901,-74.0487903356552,Subscriber,1958,1
408,212,2019-01-15 18:24:49.3210,2019-01-15 18:28:22.1480,Exchange Place,40.7162469,-74.0334588,Morris Canal,40.7124188237569,-74.03852552175522,Subscriber,1981,0
409,292,2019-01-15 18:26:08.6750,2019-01-15 18:31:01.3690,Exchange Place,40.7162469,-74.0334588,Warren St,40.721123600000006,-74.03805095,Subscriber,1972,1
410,290,2019-01-15 18:41:55.2600,2019-01-15 18:46:45.8120,Exchange Place,40.7162469,-74.0334588,Essex Light Rail,40.712774200000005,-74.03648570000001,Subscriber,1993,1
411,214,2019-01-15 18:48:50.9100,2019-01-15 18:52:24.9920,Exchange Place,40.7162469,-74.0334588,Grand St,40.71517767732029,-74.03768330812454,Subscriber,1982,1
412,369,2019-01-15 18:59:37.7640,2019-01-15 19:05:46.8370,Exchange Place,40.7162469,-74.0334588,Morris Canal,40.7124188237569,-74.03852552175522,Subscriber,1992,1
413,191,2019-01-15 19:14:53.6190,2019-01-15 19:18:04.7410,Exchange Place,40.7162469,-74.0334588,Warren St,40.721123600000006,-74.03805095,Subscriber,1992,2
414,176,2019-01-15 19:59:05.5880,2019-01-15 20:02:01.8810,Exchange Place,40.7162469,-74.0334588,Essex Light Rail,40.712774200000005,-74.03648570000001,Subscriber,1983,1
415,374,2019-01-15 20:01:11.2970,2019-01-15 20:07:25.3610,Exchange Place,40.7162469,-74.0334588,Warren St,40.721123600000006,-74.03805095,Subscriber,1993,2
416,143,2019-01-15 20:09:20.1730,2019-01-15 20:11:43.5220,Exchange Place,40.7162469,-74.0334588,Harborside,40.71925170000001,-74.034234,Subscriber,1989,1
417,1483,2019-01-15 20:10:54.1690,2019-01-15 20:35:37.9140,Exchange Place,40.7162469,-74.0334588,Oakland Ave,40.7376037,-74.05247829999999,Subscriber,1981,1
418,407,2019-01-15 21:21:23.8640,2019-01-15 21:28:11.4230,Exchange Place,40.7162469,-74.0334588,Newport Pkwy,40.728744799999994,-74.03210820000001,Subscriber,1989,1
419,556,2019-01-15 21:22:48.5490,2019-01-15 21:32:05.2380,Exchange Place,40.7162469,-74.0334588,Dixon Mills,40.72163014263835,-74.04996782541275,Subscriber,1978,1
420,286,2019-01-15 22:29:22.2210,2019-01-15 22:34:08.2570,Exchange Place,40.7162469,-74.0334588,Warren St,40.721123600000006,-74.03805095,Subscriber,1993,1
421,207,2019-01-15 22:52:25.7700,2019-01-15 22:55:53.6200,Exchange Place,40.7162469,-74.0334588,York St,40.71649,-74.04105,Subscriber,1986,1
422,235,2019-01-16 04:41:42.8200,2019-01-16 04:45:38.8040,Exchange Place,40.7162469,-74.0334588,Exchange Place,40.7162469,-74.0334588,Subscriber,1975,1
423,119,2019-01-16 07:29:27.6310,2019-01-16 07:31:27.0250,Exchange Place,40.7162469,-74.0334588,Paulus Hook,40.7141454,-74.0335519,Subscriber,1966,1
424,74,2019-01-16 08:28:59.3560,2019-01-16 08:30:13.7670,Exchange Place,40.7162469,-74.0334588,Paulus Hook,40.7141454,-74.0335519,Subscriber,1975,1
425,263,2019-01-16 10:52:50.4320,2019-01-16 10:57:14.3400,Exchange Place,40.7162469,-74.0334588,Morris Canal,40.7124188237569,-74.03852552175522,Subscriber,1984,1
426,249,2019-01-16 12:11:26.1300,2019-01-16 12:15:35.9670,Exchange Place,40.7162469,-74.0334588,Washington St,40.7242941,-74.0354826,Subscriber,1981,1
427,170,2019-01-16 12:20:50.3060,2019-01-16 12:23:40.7830,Exchange Place,40.7162469,-74.0334588,Columbus Drive,40.71835519823214,-74.03891444206238,Subscriber,1978,1
428,306,2019-01-16 15:07:30.5720,2019-01-16 15:12:36.8440,Exchange Place,40.7162469,-74.0334588,Morris Canal,40.7124188237569,-74.03852552175522,Subscriber,1968,1
429,328,2019-01-16 16:59:31.3640,2019-01-16 17:04:59.8430,Exchange Place,40.7162469,-74.0334588,Morris Canal,40.7124188237569,-74.03852552175522,Subscriber,1980,1
430,184,2019-01-16 17:04:46.6110,2019-01-16 17:07:51.5490,Exchange Place,40.7162469,-74.0334588,Essex Light Rail,40.712774200000005,-74.03648570000001,Subscriber,1974,1
431,111,2019-01-16 17:23:08.2600,2019-01-16 17:24:59.4420,Exchange Place,40.7162469,-74.0334588,Paulus Hook,40.7141454,-74.0335519,Subscriber,1960,1
432,662,2019-01-16 17:23:45.2150,2019-01-16 17:34:47.8960,Exchange Place,40.7162469,-74.0334588,Newport Pkwy,40.728744799999994,-74.03210820000001,Subscriber,1996,2
433,109,2019-01-16 17:27:44.0030,2019-01-16 17:29:33.9930,Exchange Place,40.7162469,-74.0334588,Harborside,40.71925170000001,-74.034234,Subscriber,1969,0
434,633,2019-01-16 17:38:39.9410,2019-01-16 17:49:13.6690,Exchange Place,40.7162469,-74.0334588,Monmouth and 6th,40.72568548362901,-74.0487903356552,Subscriber,1969,0
435,232,2019-01-16 17:40:18.8070,2019-01-16 17:44:10.9020,Exchange Place,40.7162469,-74.0334588,Marin Light Rail,40.71458403535893,-74.04281705617905,Subscriber,1969,0
436,130,2019-01-16 17:50:17.0800,2019-01-16 17:52:27.3280,Exchange Place,40.7162469,-74.0334588,Essex Light Rail,40.712774200000005,-74.03648570000001,Subscriber,1982,1
437,219,2019-01-16 18:00:46.7010,2019-01-16 18:04:26.6940,Exchange Place,40.7162469,-74.0334588,Grand St,40.71517767732029,-74.03768330812454,Subscriber,1982,1
438,615,2019-01-16 18:14:34.9550,2019-01-16 18:24:50.3440,Exchange Place,40.7162469,-74.0334588,Jersey & 6th St,40.72528910781132,-74.04557168483734,Subscriber,1977,1
439,428,2019-01-16 18:19:00.5780,2019-01-16 18:26:09.0890,Exchange Place,40.7162469,-74.0334588,Grove St PATH,40.71958611647166,-74.0431174635887,Subscriber,1970,1
440,151,2019-01-16 18:33:41.7480,2019-01-16 18:36:13.0950,Exchange Place,40.7162469,-74.0334588,Grand St,40.71517767732029,-74.03768330812454,Subscriber,1990,1
441,538,2019-01-16 18:35:21.4460,2019-01-16 18:44:20.2180,Exchange Place,40.7162469,-74.0334588,JC Medical Center,40.71653978099194,-74.0496379137039,Subscriber,1982,2
442,238,2019-01-16 18:44:40.6590,2019-01-16 18:48:39.6570,Exchange Place,40.7162469,-74.0334588,City Hall,40.717732500000004,-74.04384499999999,Subscriber,1980,1
443,164,2019-01-16 18:45:02.5680,2019-01-16 18:47:46.7910,Exchange Place,40.7162469,-74.0334588,Essex Light Rail,40.712774200000005,-74.03648570000001,Subscriber,1981,0
444,218,2019-01-16 18:45:17.7590,2019-01-16 18:48:56.3890,Exchange Place,40.7162469,-74.0334588,Warren St,40.721123600000006,-74.03805095,Subscriber,1972,1
445,587,2019-01-16 18:45:42.1100,2019-01-16 18:55:30.0710,Exchange Place,40.7162469,-74.0334588,Monmouth and 6th,40.72568548362901,-74.0487903356552,Subscriber,1985,1
446,174,2019-01-16 18:54:27.0550,2019-01-16 18:57:21.8670,Exchange Place,40.7162469,-74.0334588,Essex Light Rail,40.712774200000005,-74.03648570000001,Subscriber,1987,1
447,261,2019-01-16 19:24:20.8330,2019-01-16 19:28:42.2600,Exchange Place,40.7162469,-74.0334588,Morris Canal,40.7124188237569,-74.03852552175522,Subscriber,1990,1
448,289,2019-01-16 19:24:34.1490,2019-01-16 19:29:23.9660,Exchange Place,40.7162469,-74.0334588,Washington St,40.7242941,-74.0354826,Subscriber,1977,1
449,365,2019-01-16 20:00:19.6790,2019-01-16 20:06:25.5600,Exchange Place,40.7162469,-74.0334588,Newport Pkwy,40.728744799999994,-74.03210820000001,Subscriber,1989,1
450,203,2019-01-16 20:59:06.1010,2019-01-16 21:02:30.0570,Exchange Place,40.7162469,-74.0334588,Morris Canal,40.7124188237569,-74.03852552175522,Subscriber,1994,1
451,109,2019-01-17 07:19:38.7870,2019-01-17 07:21:28.5310,Exchange Place,40.7162469,-74.0334588,Harborside,40.71925170000001,-74.034234,Subscriber,1985,2
452,67,2019-01-17 08:23:46.7030,2019-01-17 08:24:53.9350,Exchange Place,40.7162469,-74.0334588,Paulus Hook,40.7141454,-74.0335519,Subscriber,1975,1
453,98,2019-01-17 08:56:58.5350,2019-01-17 08:58:37.1980,Exchange Place,40.7162469,-74.0334588,Paulus Hook,40.7141454,-74.0335519,Subscriber,1981,1
454,174,2019-01-17 12:38:50.5310,2019-01-17 12:41:45.4000,Exchange Place,40.7162469,-74.0334588,Essex Light Rail,40.712774200000005,-74.03648570000001,Subscriber,1980,1
455,588,2019-01-17 14:53:25.5790,2019-01-17 15:03:13.7060,Exchange Place,40.7162469,-74.0334588,Liberty Light Rail,40.711242299999995,-74.0557013,Subscriber,1985,1
456,616,2019-01-17 16:10:15.0280,2019-01-17 16:20:31.8390,Exchange Place,40.7162469,-74.0334588,Liberty Light Rail,40.711242299999995,-74.0557013,Subscriber,1980,1
457,275,2019-01-17 17:01:01.3640,2019-01-17 17:05:37.2610,Exchange Place,40.7162469,-74.0334588,York St,40.71649,-74.04105,Subscriber,1968,2
458,461,2019-01-17 17:17:16.7080,2019-01-17 17:24:58.3170,Exchange Place,40.7162469,-74.0334588,Grove St PATH,40.71958611647166,-74.0431174635887,Subscriber,1981,1
459,210,2019-01-17 17:21:03.1700,2019-01-17 17:24:33.2470,Exchange Place,40.7162469,-74.0334588,Essex Light Rail,40.712774200000005,-74.03648570000001,Subscriber,1970,1
460,364,2019-01-17 17:23:50.0400,2019-01-17 17:29:54.6800,Exchange Place,40.7162469,-74.0334588,Manila & 1st,40.72165072487999,-74.04288411140442,Subscriber,1980,1
461,644,2019-01-17 17:29:40.7720,2019-01-17 17:40:24.9500,Exchange Place,40.7162469,-74.0334588,Newport Pkwy,40.728744799999994,-74.03210820000001,Subscriber,1996,2
462,268,2019-01-17 17:29:51.1310,2019-01-17 17:34:19.2520,Exchange Place,40.7162469,-74.0334588,Marin Light Rail,40.71458403535893,-74.04281705617905,Subscriber,1993,1
463,104,2019-01-17 17:35:35.5690,2019-01-17 17:37:20.1280,Exchange Place,40.7162469,-74.0334588,Harborside,40.71925170000001,-74.034234,Subscriber,1969,0
464,204,2019-01-17 17:38:14.3280,2019-01-17 17:41:38.6140,Exchange Place,40.7162469,-74.0334588,City Hall,40.717732500000004,-74.04384499999999,Subscriber,1994,1
465,308,2019-01-17 17:41:56.6260,2019-01-17 17:47:05.0720,Exchange Place,40.7162469,-74.0334588,Van Vorst Park,40.71848892,-74.047726625,Subscriber,1976,1
466,449,2019-01-17 17:44:09.9550,2019-01-17 17:51:39.0510,Exchange Place,40.7162469,-74.0334588,Hamilton Park,40.727595965999996,-74.044247311,Subscriber,1977,1
467,640,2019-01-17 17:44:46.8000,2019-01-17 17:55:27.7360,Exchange Place,40.7162469,-74.0334588,Monmouth and 6th,40.72568548362901,-74.0487903356552,Subscriber,1969,0
468,274,2019-01-17 17:47:29.0950,2019-01-17 17:52:03.2540,Exchange Place,40.7162469,-74.0334588,Morris Canal,40.7124188237569,-74.03852552175522,Subscriber,1989,2
469,139,2019-01-17 17:53:11.9430,2019-01-17 17:55:31.4230,Exchange Place,40.7162469,-74.0334588,Essex Light Rail,40.712774200000005,-74.03648570000001,Subscriber,1982,1
470,783,2019-01-17 17:55:47.1890,2019-01-17 18:08:50.1930,Exchange Place,40.7162469,-74.0334588,Brunswick & 6th,40.726011729646245,-74.0503889322281,Subscriber,1958,1
471,171,2019-01-17 18:08:32.0540,2019-01-17 18:11:23.5630,Exchange Place,40.7162469,-74.0334588,Grand St,40.71517767732029,-74.03768330812454,Subscriber,1988,2
472,278,2019-01-17 18:09:17.8530,2019-01-17 18:13:56.0350,Exchange Place,40.7162469,-74.0334588,Warren St,40.721123600000006,-74.03805095,Subscriber,1979,1
473,161,2019-01-17 18:15:13.3680,2019-01-17 18:17:54.4550,Exchange Place,40.7162469,-74.0334588,Columbus Drive,40.71835519823214,-74.03891444206238,Subscriber,1980,1
474,288,2019-01-17 18:25:26.8250,2019-01-17 18:30:14.9580,Exchange Place,40.7162469,-74.0334588,Essex Light Rail,40.712774200000005,-74.03648570000001,Subscriber,1981,0
475,1266,2019-01-17 18:30:29.7760,2019-01-17 18:51:35.9600,Exchange Place,40.7162469,-74.0334588,Baldwin at Montgomery,40.7236589,-74.0641943,Subscriber,1980,1
476,674,2019-01-17 18:54:23.5250,2019-01-17 19:05:37.6290,Exchange Place,40.7162469,-74.0334588,Liberty Light Rail,40.711242299999995,-74.0557013,Subscriber,1960,1
477,245,2019-01-17 19:04:24.2510,2019-01-17 19:08:29.3160,Exchange Place,40.7162469,-74.0334588,Grand St,40.71517767732029,-74.03768330812454,Subscriber,1949,1
478,382,2019-01-17 19:14:55.3160,2019-01-17 19:21:17.7250,Exchange Place,40.7162469,-74.0334588,Newark Ave,40.72152515,-74.046304543,Subscriber,1995,1
479,315,2019-01-17 19:18:27.8640,2019-01-17 19:23:42.8710,Exchange Place,40.7162469,-74.0334588,Washington St,40.7242941,-74.0354826,Subscriber,1977,1
480,201,2019-01-17 19:22:25.4440,2019-01-17 19:25:46.6790,Exchange Place,40.7162469,-74.0334588,Morris Canal,40.7124188237569,-74.03852552175522,Subscriber,1972,1
481,287,2019-01-17 19:59:08.2000,2019-01-17 20:03:55.2850,Exchange Place,40.7162469,-74.0334588,Morris Canal,40.7124188237569,-74.03852552175522,Subscriber,1955,1
482,602,2019-01-17 19:59:42.9110,2019-01-17 20:09:45.5000,Exchange Place,40.7162469,-74.0334588,Hamilton Park,40.727595965999996,-74.044247311,Subscriber,1979,2
483,105,2019-01-17 20:00:55.8710,2019-01-17 20:02:41.3570,Exchange Place,40.7162469,-74.0334588,Harborside,40.71925170000001,-74.034234,Subscriber,1989,1
484,260,2019-01-17 20:28:08.3080,2019-01-17 20:32:28.3970,Exchange Place,40.7162469,-74.0334588,City Hall,40.717732500000004,-74.04384499999999,Subscriber,1983,1
485,144,2019-01-17 20:28:25.5050,2019-01-17 20:30:49.5380,Exchange Place,40.7162469,-74.0334588,Grand St,40.71517767732029,-74.03768330812454,Subscriber,1994,1
486,201,2019-01-17 20:29:12.5010,2019-01-17 20:32:34.2290,Exchange Place,40.7162469,-74.0334588,Grand St,40.71517767732029,-74.03768330812454,Subscriber,1982,1
487,517,2019-01-17 20:31:31.2860,2019-01-17 20:40:09.2660,Exchange Place,40.7162469,-74.0334588,Monmouth and 6th,40.72568548362901,-74.0487903356552,Subscriber,1985,1
488,128,2019-01-17 20:59:28.8890,2019-01-17 21:01:37.6620,Exchange Place,40.7162469,-74.0334588,Essex Light Rail,40.712774200000005,-74.03648570000001,Subscriber,1987,1
489,274,2019-01-17 21:55:33.5260,2019-01-17 22:00:08.3880,Exchange Place,40.7162469,-74.0334588,Morris Canal,40.7124188237569,-74.03852552175522,Subscriber,1990,1
490,187,2019-01-17 22:05:12.4520,2019-01-17 22:08:19.6930,Exchange Place,40.7162469,-74.0334588,Morris Canal,40.7124188237569,-74.03852552175522,Subscriber,1987,1
491,123,2019-01-18 08:01:16.2000,2019-01-18 08:03:19.7010,Exchange Place,40.7162469,-74.0334588,Paulus Hook,40.7141454,-74.0335519,Subscriber,1966,1
492,397,2019-01-18 08:05:13.6620,2019-01-18 08:11:50.8400,Exchange Place,40.7162469,-74.0334588,Van Vorst Park,40.71848892,-74.047726625,Subscriber,1986,1
493,684,2019-01-18 08:42:47.9600,2019-01-18 08:54:12.5600,Exchange Place,40.7162469,-74.0334588,Liberty Light Rail,40.711242299999995,-74.0557013,Subscriber,1985,1
494,103,2019-01-18 10:18:25.4740,2019-01-18 10:20:08.7700,Exchange Place,40.7162469,-74.0334588,Harborside,40.71925170000001,-74.034234,Subscriber,1985,1
495,168,2019-01-18 11:27:47.6620,2019-01-18 11:30:36.2490,Exchange Place,40.7162469,-74.0334588,Columbus Drive,40.71835519823214,-74.03891444206238,Subscriber,1978,1
496,511,2019-01-18 13:43:52.4060,2019-01-18 13:52:24.3500,Exchange Place,40.7162469,-74.0334588,Hamilton Park,40.727595965999996,-74.044247311,Subscriber,1969,1
497,262,2019-01-18 16:28:40.6720,2019-01-18 16:33:03.4040,Exchange Place,40.7162469,-74.0334588,Morris Canal,40.7124188237569,-74.03852552175522,Subscriber,1976,2
498,225,2019-01-18 16:35:09.9760,2019-01-18 16:38:55.8450,Exchange Place,40.7162469,-74.0334588,Essex Light Rail,40.712774200000005,-74.03648570000001,Subscriber,1954,2
499,263,2019-01-18 16:56:38.6920,2019-01-18 17:01:02.1140,Exchange Place,40.7162469,-74.0334588,Grove St PATH,40.71958611647166,-74.0431174635887,Subscriber,1981,1
500,398,2019-01-18 17:00:55.4490,2019-01-18 17:07:34.2400,Exchange Place,40.7162469,-74.0334588,Manila & 1st,40.72165072487999,-74.04288411140442,Subscriber,1971,1
